-- MySQL dump 10.13  Distrib 8.0.18, for Win64 (x86_64)
--
-- Host: localhost    Database: realtor
-- ------------------------------------------------------
-- Server version	8.0.18

/*!40101 SET @OLD_CHARACTER_SET_CLIENT=@@CHARACTER_SET_CLIENT */;
/*!40101 SET @OLD_CHARACTER_SET_RESULTS=@@CHARACTER_SET_RESULTS */;
/*!40101 SET @OLD_COLLATION_CONNECTION=@@COLLATION_CONNECTION */;
/*!50503 SET NAMES utf8 */;
/*!40103 SET @OLD_TIME_ZONE=@@TIME_ZONE */;
/*!40103 SET TIME_ZONE='+00:00' */;
/*!40014 SET @OLD_UNIQUE_CHECKS=@@UNIQUE_CHECKS, UNIQUE_CHECKS=0 */;
/*!40014 SET @OLD_FOREIGN_KEY_CHECKS=@@FOREIGN_KEY_CHECKS, FOREIGN_KEY_CHECKS=0 */;
/*!40101 SET @OLD_SQL_MODE=@@SQL_MODE, SQL_MODE='NO_AUTO_VALUE_ON_ZERO' */;
/*!40111 SET @OLD_SQL_NOTES=@@SQL_NOTES, SQL_NOTES=0 */;

--
-- Table structure for table `apartment_history`
--

DROP TABLE IF EXISTS `apartment_history`;
/*!40101 SET @saved_cs_client     = @@character_set_client */;
/*!50503 SET character_set_client = utf8mb4 */;
CREATE TABLE `apartment_history` (
  `id` int(11) NOT NULL AUTO_INCREMENT,
  `apartment_id` int(11) NOT NULL,
  `user_id` int(11) NOT NULL,
  `status` varchar(15) DEFAULT NULL,
  `description` varchar(255) DEFAULT NULL,
  `date` datetime DEFAULT CURRENT_TIMESTAMP,
  PRIMARY KEY (`id`)
) ENGINE=InnoDB AUTO_INCREMENT=37 DEFAULT CHARSET=utf8mb4 COLLATE=utf8mb4_0900_ai_ci;
/*!40101 SET character_set_client = @saved_cs_client */;

--
-- Dumping data for table `apartment_history`
--

LOCK TABLES `apartment_history` WRITE;
/*!40000 ALTER TABLE `apartment_history` DISABLE KEYS */;
INSERT INTO `apartment_history` VALUES (12,28,15,'pending',NULL,'2020-01-17 15:53:55'),(13,29,15,'pending',NULL,'2020-01-17 19:13:47'),(14,28,15,'approved','','2020-01-19 12:16:40'),(15,30,15,'pending',NULL,'2020-01-19 13:10:49'),(16,31,15,'pending',NULL,'2020-01-19 13:21:08'),(17,32,19,'pending',NULL,'2020-01-19 13:53:42'),(18,33,19,'pending',NULL,'2020-01-19 14:04:12'),(19,29,15,'approved','','2020-01-19 14:04:54'),(20,33,19,'approved','','2020-01-19 14:05:03'),(21,32,19,'denied','Nope','2020-01-20 11:34:15'),(22,34,20,'pending',NULL,'2020-01-20 14:43:41'),(23,35,20,'pending',NULL,'2020-01-20 15:13:06'),(24,28,15,'approved',NULL,'2020-01-21 13:18:13'),(25,29,15,'pending',NULL,'2020-01-21 15:14:10'),(26,28,15,'pending','','2020-01-21 15:17:52'),(27,28,15,'pending','','2020-01-21 15:19:27'),(28,28,15,'pending','','2020-01-21 15:20:08'),(29,28,15,'pending','','2020-01-21 15:22:16'),(30,28,15,'pending','','2020-01-21 15:23:14'),(31,28,15,'pending','','2020-01-21 15:23:28'),(32,28,15,'pending','','2020-01-21 15:27:21'),(33,28,15,'approved','','2020-01-21 15:29:07'),(34,29,15,'approved','','2020-01-21 15:29:50'),(35,34,20,'approved','','2020-01-21 15:29:55'),(36,33,19,'removed',NULL,'2020-01-21 15:34:42');
/*!40000 ALTER TABLE `apartment_history` ENABLE KEYS */;
UNLOCK TABLES;

--
-- Table structure for table `apartments`
--

DROP TABLE IF EXISTS `apartments`;
/*!40101 SET @saved_cs_client     = @@character_set_client */;
/*!50503 SET character_set_client = utf8mb4 */;
CREATE TABLE `apartments` (
  `id` int(11) unsigned NOT NULL AUTO_INCREMENT,
  `user_id` int(11) unsigned NOT NULL,
  `address` varchar(500) NOT NULL,
  `city_id` int(11) unsigned NOT NULL,
  `price` int(11) NOT NULL,
  `number_of_room` int(4) unsigned DEFAULT NULL,
  `number_of_bath` int(4) unsigned DEFAULT NULL,
  `sqft` int(6) NOT NULL,
  `created_on` datetime DEFAULT CURRENT_TIMESTAMP,
  `description` varchar(500) DEFAULT NULL,
  `sale_status` enum('sale','rent','both') NOT NULL,
  `availability` enum('available','suspended','removed') NOT NULL,
  `property_type` enum('house','ranch','condo','land') NOT NULL,
  `main_image` text,
  `status` enum('pending','approved','denied','removed') DEFAULT 'pending',
  PRIMARY KEY (`id`),
  KEY `fk_apartments_cities` (`city_id`),
  KEY `fk_apartments_users` (`user_id`),
  CONSTRAINT `fk_apartments_cities` FOREIGN KEY (`city_id`) REFERENCES `cities` (`id`),
  CONSTRAINT `fk_apartments_users` FOREIGN KEY (`user_id`) REFERENCES `users` (`id`)
) ENGINE=InnoDB AUTO_INCREMENT=36 DEFAULT CHARSET=utf8mb4 COLLATE=utf8mb4_0900_ai_ci;
/*!40101 SET character_set_client = @saved_cs_client */;

--
-- Dumping data for table `apartments`
--

LOCK TABLES `apartments` WRITE;
/*!40000 ALTER TABLE `apartments` DISABLE KEYS */;
INSERT INTO `apartments` VALUES (28,15,'38 Lakefield rd',1102087,280900,2,1,250,'2020-01-17 15:53:55','Price Reduction*','both','available','condo','/images/922IMG_1189.JPG','approved'),(29,15,'202 Main st',1102140,500000,3,3,500,'2020-01-17 19:13:47','','sale','available','house','/images/347picture1.jpg','approved'),(30,15,'15 King George St',2526342,250000,3,2,315,'2020-01-19 13:10:49','Lovely house, 3 rooms 2 bath. Kitchen updated six months ago all new appliances. Great neighborhood ','sale','available','house','/images/undefined','pending'),(31,15,'10 Allenby Lane',1102311,2000,1,1,80,'2020-01-19 13:21:08','','rent','available','condo','/images/undefined','pending'),(32,19,'Hatalmud 65',1102324,500000,4,3,560,'2020-01-19 13:53:42','','both','available','ranch','/images/undefined','denied'),(33,19,'23 Long Pond Rd',2526621,1500,2,1,80,'2020-01-19 14:04:12','','rent','available','condo','/images/423picture4.jpg','removed'),(34,20,'76 5th st',836335,650000,4,2,400,'2020-01-20 14:43:41','','sale','available','house','/images/449picture5.jpg','approved'),(35,20,'15 Hartford Lane',2528226,687900,4,3,359,'2020-01-20 15:13:05','','sale','available','house','/images/985picture6.jpg','pending');
/*!40000 ALTER TABLE `apartments` ENABLE KEYS */;
UNLOCK TABLES;

--
-- Table structure for table `cities`
--

DROP TABLE IF EXISTS `cities`;
/*!40101 SET @saved_cs_client     = @@character_set_client */;
/*!50503 SET character_set_client = utf8mb4 */;
CREATE TABLE `cities` (
  `id` int(11) unsigned NOT NULL AUTO_INCREMENT,
  `city_name` varchar(255) NOT NULL,
  `country_id` smallint(5) unsigned NOT NULL,
  PRIMARY KEY (`id`),
  KEY `fk_cities_countries` (`country_id`),
  CONSTRAINT `fk_cities_countries` FOREIGN KEY (`country_id`) REFERENCES `countries` (`id`)
) ENGINE=InnoDB AUTO_INCREMENT=2556940 DEFAULT CHARSET=utf8mb4 COLLATE=utf8mb4_0900_ai_ci;
/*!40101 SET character_set_client = @saved_cs_client */;

--
-- Dumping data for table `cities`
--

LOCK TABLES `cities` WRITE;
/*!40000 ALTER TABLE `cities` DISABLE KEYS */;
INSERT INTO `cities` VALUES (135873,'Sydney',12),(287491,'Rio De Janeiro',27),(290367,'São Paulo',27),(296556,'Babruysk',31),(567378,'Berlin',51),(682889,'Cairo',59),(697806,'Barcelona',62),(713549,'Madrid',62),(835852,'Liverpool',71),(836335,'London',71),(916957,'Hong Kong',88),(1094674,'Dublin',94),(1102076,'Nir Yits-haq',95),(1102077,'Nir Yizhaq',95),(1102078,'Nir Zevi',95),(1102079,'Nitsana',95),(1102080,'Nitsane `Oz',95),(1102081,'Nitsanim',95),(1102082,'Niva',95),(1102083,'Nizanim',95),(1102084,'Nizzana',95),(1102085,'Nizzane `Oz',95),(1102086,'Nizzane Sinay',95),(1102087,'Nizzanim',95),(1102088,'No`am',95),(1102089,'Nofekh',95),(1102090,'Nofek',95),(1102091,'Nof Yam',95),(1102092,'Nogah',95),(1102093,'Noga',95),(1102094,'Nordiyah',95),(1102095,'Nordiya',95),(1102096,'Nordiyya',95),(1102097,'Noss Ziona',95),(1102098,'Notera',95),(1102099,'Ntanya',95),(1102100,'Ntiva',95),(1102101,'Nuqeib',95),(1102102,'Nuris',95),(1102103,'Nurit',95),(1102104,'Nvalat',95),(1102105,'N\'ve Sha\'anan',95),(1102106,'Oblin',95),(1102107,'Ofakim',95),(1102108,'Ofaqim',95),(1102109,'`Ofer',95),(1102110,'Ofiqim',95),(1102111,'`Olesh',95),(1102112,'Omar',95),(1102113,'Omen',95),(1102114,'`Omer',95),(1102115,'`Omer',95),(1102116,'\'Omes',95),(1102117,'Omets',95),(1102118,'Omez',95),(1102119,'Ono',95),(1102120,'Ono',95),(1102121,'Orah',95),(1102122,'Oranim',95),(1102123,'Oran',95),(1102124,'Ora',95),(1102125,'Or `Aqiba',95),(1102126,'Or `Aqivah',95),(1102127,'Or `Aqiva',95),(1102128,'Or HaNer',95),(1102129,'Orot',95),(1102130,'Or Yehudah',95),(1102131,'Or Yehuda',95),(1102132,'Otsem',95),(1102133,'Otzem',95),(1102134,'Oum El Faraj',95),(1102135,'`Ozem',95),(1102136,'Ozem',95),(1102137,'Paamei Tashaz',95),(1102138,'Pa`ame Tashaz',95),(1102139,'Palmaha`im',95),(1102140,'Palmahim',95),(1102141,'Paran',95),(1102142,'Para',95),(1102143,'Pardes Hanah',95),(1102144,'Pardes Hannah',95),(1102145,'Pardes Hanna',95),(1102146,'Pardesiyah',95),(1102147,'Pardesiya',95),(1102148,'Pardesiyya',95),(1102149,'Pardes Katz',95),(1102150,'Pardes Kaz',95),(1102151,'Pardess Hanna',95),(1102152,'Pardess Katz',95),(1102153,'Parod Alef',95),(1102154,'Parod Bet',95),(1102155,'Parod',95),(1102156,'Parvona B',95),(1102157,'Patish',95),(1102158,'Pattish',95),(1102159,'Pedaya',95),(1102160,'Peduyim',95),(1102161,'Peduyyim',95),(1102162,'Peer `Am',95),(1102163,'Peqi`in Hadasha',95),(1102164,'Peqi`in',95),(1102165,'Perazon',95),(1102166,'Petah Tikwah',95),(1102167,'Petah Tiqva',95),(1102168,'Petah Tiqwa',95),(1102169,'Petahya',95),(1102170,'Pethah Tiqva',95),(1102171,'Porat',95),(1102172,'Poriah',95),(1102173,'Poriyah',95),(1102174,'Poriya',95),(1102175,'Poriyya',95),(1102176,'Ptolemais',95),(1102177,'Qaddarim',95),(1102178,'Qadimah',95),(1102179,'Qadima',95),(1102180,'Qalansuwah',95),(1102181,'Qalansuwa',95),(1102182,'Qallansawah',95),(1102183,'Qalmaniya',95),(1102184,'Qalmaniyya',95),(1102185,'Qannir',95),(1102186,'Qaqun',95),(1102187,'Qaryat al `Inab',95),(1102188,'Qaryat el `Inab',95),(1102189,'Qaryat Jawarish',95),(1102190,'Qaryet el `Inab',95),(1102191,'Qaryet Jawarish',95),(1102192,'Qasr Sharayi\'',95),(1102193,'Qastina Alef',95),(1102194,'Qastina Bet',95),(1102195,'Qastina C',95),(1102196,'Qastinah Alef',95),(1102197,'Qastina',95),(1102198,'Qatara',95),(1102199,'Qatrah',95),(1102200,'Qatra',95),(1102201,'Qedmah',95),(1102202,'Qedma',95),(1102203,'Qeisari',95),(1102204,'Qelahim',95),(1102205,'Qesari',95),(1102206,'Qesariyah',95),(1102207,'Qesaryah',95),(1102208,'Qevuzat Yavne',95),(1102209,'Qezi`ot',95),(1102210,'Qidron',95),(1102211,'Qiltah',95),(1102212,'Qiryat `Amal',95),(1102213,'Qiryat `Anavim',95),(1102214,'Qiryat Arye',95),(1102215,'Qiryat Ata',95),(1102216,'Qiryat Atta',95),(1102217,'Qiryat Benyamin',95),(1102218,'Qiryat-Beyaliq',95),(1102219,'Qiryat Bialik',95),(1102220,'Qiryat Bialiq',95),(1102221,'Qiryat Bialystok',95),(1102222,'Qiryat Binyamin',95),(1102223,'Qiryat `Eqron',95),(1102224,'Qiryat Gat',95),(1102225,'Qiryat Haiyam',95),(1102226,'Qiryat Haiyim',95),(1102227,'Qiryath `Anavim',95),(1102228,'Qiryat Haroshet',95),(1102229,'Qiryat HaTekhniyyon',95),(1102230,'Qiryat-Hayim',95),(1102231,'Qiryat HaYovel',95),(1102232,'Qiryat Hayyim',95),(1102233,'Qiryat Karmiel',95),(1102234,'Qiryat Malachi',95),(1102235,'Qiryat Mal\'akhi',95),(1102236,'Qiryat Me\'ir',95),(1102237,'Qiryat Menahem',95),(1102238,'Qiryat Moshe',95),(1102239,'Qiryat Motskin',95),(1102240,'Qiryat Motsqin',95),(1102241,'Qiryat Motzkin',95),(1102242,'Qiryat Mozqin',95),(1102243,'Qiryat Nahum',95),(1102244,'Qiryat Nasrat',95),(1102245,'Qiryat Ono',95),(1102246,'Qiryat Ono',95),(1102247,'Qiryat Remez',95),(1102248,'Qiryat Sara',95),(1102249,'Qiryat Shalom',95),(1102250,'Qiryat Sha\'ul',95),(1102251,'Qiryat Shemonah',95),(1102252,'Qiryat Shemona',95),(1102253,'Qiryat Shemu\'el',95),(1102254,'Qiryat Shmona',95),(1102255,'Qiryat Tiv`on',95),(1102256,'Qiryat Yam',95),(1102257,'Qiryat Ye`arim',95),(1102258,'Qisrah',95),(1102259,'Qomemiyut',95),(1102260,'Qomemiyut',95),(1102261,'Qomemiyyut',95),(1102262,'Qomemiyyut',95),(1102263,'Qoranit',95),(1102264,'Qtara',95),(1102265,'Qubab',95),(1102266,'Qubaybah',95),(1102267,'Qubayba',95),(1102268,'Qubeiba',95),(1102269,'Qumiya',95),(1102270,'Qurdani',95),(1102271,'Ra`ananah',95),(1102272,'Ra`anana',95),(1102273,'Ra`ananna',95),(1102274,'Rabat Ashlag Dromit',95),(1102275,'Rafat',95),(1102276,'Ramah',95),(1102277,'Rama',95),(1102278,'Ramat Aviv',95),(1102279,'Ramatayim',95),(1102280,'Ramat-David \'Ayanot',95),(1102281,'Ramat-David-Hasharon',95),(1102282,'Ramat David',95),(1102283,'Ramat Dawid',95),(1102284,'Ramat Ef`al',95),(1102285,'Ramat Eliyyahu',95),(1102286,'Ramat Eshkol',95),(1102287,'Ramat Gan',95),(1102288,'Ramat Hadar',95),(1102289,'Ramat Hadassah',95),(1102290,'Ramat Hadassa',95),(1102291,'Ramat HaKovesh',95),(1102292,'Ramat HaSharon',95),(1102293,'Ramat HaShenayim',95),(1102294,'Ramat ha Shnayim',95),(1102295,'Ramat HaShofet',95),(1102296,'Ramat Hash Sharon',95),(1102297,'Ramat Hayal',95),(1102298,'Ramat Hayyal',95),(1102299,'Ramat Hen',95),(1102300,'Ramat Pinkas',95),(1102301,'Ramat Pinqas',95),(1102302,'Ramat Rahel',95),(1102303,'Ramat Razi\'el',95),(1102304,'Ramat Tiomkin',95),(1102305,'Ramat Tyomkin',95),(1102306,'Ramat Tyomqin',95),(1102307,'Ramat Yahanan',95),(1102308,'Ramat Yishai',95),(1102309,'Ramat Yishay',95),(1102310,'Ramat Zevi',95),(1102311,'Ramim',95),(1102312,'Rami',95),(1102313,'Ramlah Bet',95),(1102314,'Ramla',95),(1102315,'Ramle',95),(1102316,'Rammim',95),(1102317,'Ram On',95),(1102318,'Ramot Eshkol',95),(1102319,'Ramot Hakovesh',95),(1102320,'Ramot HaShavim',95),(1102321,'Ramot Hashofet',95),(1102322,'Ramot Me\'ir',95),(1102323,'Ramot Menasheh',95),(1102324,'Ramot Menashe',95),(1102325,'Ramot Naftali',95),(1102326,'Ramot Remez',95),(1102327,'Ramut Aviv',95),(1102328,'Ranen',95),(1102329,'Rannen',95),(1102330,'Rantieh',95),(1102331,'Rantiyah',95),(1102332,'Rantiya',95),(1102333,'Rantye',95),(1102334,'Raqqefet',95),(1102335,'Ras al Ahmar',95),(1102336,'Ras al-`Ayn',95),(1102337,'Ras an-Naqurah',95),(1102338,'Ras el Ahmar',95),(1102339,'Raynah',95),(1102340,'Regavim',95),(1102341,'Regbah',95),(1102342,'Regba',95),(1102343,'Rehov C',95),(1102344,'Rehovoth',95),(1102345,'Rehovot',95),(1102346,'Rehov',95),(1102347,'Reihaniye',95),(1102348,'Re`im',95),(1102349,'Reina',95),(1102350,'Reine',95),(1102351,'Rekhasim',95),(1102352,'Reshafim',95),(1102353,'Reshef',95),(1102354,'Reuven',95),(1102355,'Revadim',95),(1102356,'Revaha',95),(1102357,'Revaya',95),(1102358,'Revivim',95),(1102359,'Rewaha',95),(1102360,'Rewaya',95),(1102361,'Rgavim',95),(1102362,'Rhovot',95),(1102363,'Richon le Sion',95),(1102364,'Rigba',95),(1102365,'Rihaniya',95),(1102366,'Rihaniyé',95),(1102367,'Rihaniyyah',95),(1102368,'Rimmon',95),(1102369,'Rinatyah',95),(1102370,'Rinatya',95),(1102371,'Rinnatiya',95),(1102372,'Rinnatya',95),(1102373,'Rishon le Siyon',95),(1102374,'Rishon Letsiyon',95),(1102375,'Rishon Le Zion',95),(1102376,'Rishon le Ziyon',95),(1102377,'Rishon LeZiyyon',95),(1102378,'Rishon Lsiyon',95),(1102379,'Rishpon',95),(1102380,'Rivivim',95),(1102381,'Rogelit',95),(1102382,'Romeima Quarter',95),(1102383,'Romema',95),(1102384,'Rosh Haadom',95),(1102385,'Rosh Ha`Ayin',95),(1102386,'Rosh Haniqrah',95),(1102387,'Rosh Haniqra',95),(1102388,'Rosh Pinah',95),(1102389,'Rosh Pinnah',95),(1102390,'Rosh Pinna',95),(1102391,'Ruhamah',95),(1102392,'Ruhama',95),(1102393,'Ruhaybah',95),(1102394,'Rumanah',95),(1102395,'Rumat Heib',95),(1102396,'Rummana',95),(1102397,'Rummane',95),(1102398,'Sa`ad',95),(1102399,'Sa`ar',95),(1102400,'Saassaa',95),(1102401,'Sabalane',95),(1102402,'Sabalan',95),(1102403,'Safad',95),(1102404,'Safed',95),(1102405,'Saffuri',95),(1102406,'Saffuriya',95),(1102407,'Saffurye',95),(1102408,'Safiah',95),(1102409,'Safiyah',95),(1102410,'Safsaf',95),(1102411,'Sahrin',95),(1102412,'Saint Jean d\'Acre',95),(1102413,'Sajarah',95),(1102414,'Sajara',95),(1102415,'Sajur',95),(1102416,'Sakhnin',95),(1102417,'Saknin',95),(1102418,'Salamah',95),(1102419,'Salama',95),(1102420,'Salameh',95),(1102421,'Salim',95),(1102422,'Sallama',95),(1102423,'Salvit',95),(1102424,'Sammu`i',95),(1102425,'Samra',95),(1102426,'Sandala',95),(1102427,'Sanddalah',95),(1102428,'Sanhedria Murhevet',95),(1102429,'Sanhedriyya Murhevet',95),(1102430,'Sanhedriyya',95),(1102431,'Sappir',95),(1102432,'Sappir',95),(1102433,'Saqiya',95),(1102434,'Saqiyyah',95),(1102435,'Sarafand al-Harab',95),(1102436,'Sarafand al Kharab',95),(1102437,'Sarafand el Kharab',95),(1102438,'Sarafand',95),(1102439,'Sarafand',95),(1102440,'Sara`h',95),(1102441,'Sarar',95),(1102442,'Sar`a',95),(1102443,'Sarid',95),(1102444,'Sarigim',95),(1102445,'Sarjunah',95),(1102446,'Saronah',95),(1102447,'Sarona',95),(1102448,'Sarona',95),(1102449,'Sasa',95),(1102450,'Satariyyah',95),(1102451,'Saviyon',95),(1102452,'Savyon',95),(1102453,'Scythopolis',95),(1102454,'Sde Boker',95),(1102455,'Sde Eliahu',95),(1102456,'Sde Eliyahu',95),(1102457,'Sdeh Boker',95),(1102458,'Sdeh Yaakov',95),(1102459,'Sde Nehemya',95),(1102460,'Sderot',95),(1102461,'Sde Yaakov',95),(1102462,'Sde Ya`aqov',95),(1102463,'Sdey-Ya\'aqov',95),(1102464,'S\'de Zvi',95),(1102465,'Sdom',95),(1102466,'S\'dot Akiba',95),(1102467,'Sdud',95),(1102468,'Sed Boquer',95),(1102469,'Sede `Aqiva',95),(1102470,'Sede Boqer',95),(1102471,'Sede Dawid',95),(1102472,'Sede Eli`ezer',95),(1102473,'Sede Eliyahu',95),(1102474,'Sede Eliyyahu',95),(1102475,'Sedeh `Aqiva',95),(1102476,'Sedeh Boker',95),(1102477,'Sedeh Eliyahu',95),(1102478,'Sede Hemed',95),(1102479,'Sedeh Ilan',95),(1102480,'Sedeh Nahum',95),(1102481,'Sedeh Nehemyah',95),(1102482,'Sedeh Warburg',95),(1102483,'Sedeh Ya`aqov',95),(1102484,'Sedeh Yitzhak',95),(1102485,'Sedei David',95),(1102486,'Sedei Hemed',95),(1102487,'Sede Ilan',95),(1102488,'Sede Moshe',95),(1102489,'Sede Nahum',95),(1102490,'Sede Nehemya',95),(1102491,'Sederot',95),(1102492,'Sede Terumot',95),(1102493,'Sede `Uziya',95),(1102494,'Sede `Uziyyahu',95),(1102495,'Sede Uziyya',95),(1102496,'Sede Warburg',95),(1102497,'Sede Ya`aqov',95),(1102498,'Sede Yizhaq',95),(1102499,'Sede Yo`av',95),(1102500,'Sede Zevi',95),(1102501,'Sedom',95),(1102502,'Sedot Aqiva',95),(1102503,'Sedot Mikha',95),(1102504,'Sedot Yam',95),(1102505,'Sedshera',95),(1102506,'Seffurieh',95),(1102507,'Segev',95),(1102508,'Segula',95),(1102509,'Sejara',95),(1102510,'Sejera',95),(1102511,'Semadar',95),(1102512,'Serigim',95),(1102513,'Sfat',95),(1102514,'S\'gula',95),(1102515,'Sha`ab',95),(1102516,'Sha`alvim',95),(1102517,'Sha\'anan',95),(1102518,'Sha`ar `Amaqim',95),(1102519,'Sha`are Avraham',95),(1102520,'Sha`ar Efrayim',95),(1102521,'Sha\'ar Ephraim',95),(1102522,'Sha`ar Ha`aliyah',95),(1102523,'Sha`ar Ha`Aliya',95),(1102524,'Sha`ar Ha`Amaqim',95),(1102525,'Sha`ar HaGolan',95),(1102526,'Sha`ar Hefer',95),(1102527,'Sha`ar Menashe',95),(1102528,'Shaav',95),(1102529,'Sha`b',95),(1102530,'Shadmot Devorah',95),(1102531,'Shadmot Devora',95),(1102532,'Shafa `Amr',95),(1102533,'Shafir',95),(1102534,'Shahariya',95),(1102535,'Shahariyya',95),(1102536,'Shahar',95),(1102537,'Shahar',95),(1102538,'Shajara',95),(1102539,'Shalhevet',95),(1102540,'Shalva',95),(1102541,'Shalwa',95),(1102542,'Shamerat',95),(1102543,'Shamir',95),(1102544,'Sharai',95),(1102545,'Sharayi`',95),(1102546,'Sharona',95),(1102547,'Sharsheret B',95),(1102548,'Sharsheret C',95),(1102549,'Sharsheret',95),(1102550,'Shattah',95),(1102551,'Shatta',95),(1102552,'Shavei Tsiyon',95),(1102553,'Shavei Zion',95),(1102554,'Shave Tsiyon',95),(1102555,'Shave Zion',95),(1102556,'Shave Ziyyon',95),(1102557,'Shaykh Daud',95),(1102558,'Shaykh Dawud',95),(1102559,'Shaykh Jarrah',95),(1102560,'Shaykh Mu`anis',95),(1102561,'She\'ar Yashuv',95),(1102562,'Shedema',95),(1102563,'Shedemot',95),(1102564,'Shederot',95),(1102565,'Shefar`am',95),(1102566,'Shefaya',95),(1102567,'Shefayim',95),(1102568,'Shefayyim',95),(1102569,'Shefeia',95),(1102570,'Shefeiya',95),(1102571,'Shefer',95),(1102572,'Shefeyah',95),(1102573,'Shefeya',95),(1102574,'Sheikh Bureik',95),(1102575,'Sheikh Danmov',95),(1102576,'Sheikh Dannun',95),(1102577,'Sheikh Daud',95),(1102578,'Sheikh Dawud',95),(1102579,'Sheikh Jarah',95),(1102580,'Sheikh Jarrah',95),(1102581,'Sheikh Muwannis',95),(1102582,'Sheik Muannis',95),(1102583,'Shekhanya',95),(1102584,'Shekhunat Beilinson',95),(1102585,'Shekhunat Belinson',95),(1102586,'Shekhunat Ben `Ammi',95),(1102587,'Shekhunat Bet Eli`ezer',95),(1102588,'Shekhunat Hatiqva',95),(1102589,'Shekhunat HaTiqwa',95),(1102590,'Shekhunath Brandeis',95),(1102591,'Shekhunat Montefiore',95),(1102592,'Shekhunat Ono',95),(1102593,'Shekhunat Ono',95),(1102594,'Shelomi',95),(1102595,'Sheluhot',95),(1102596,'Shetula',95),(1102597,'Shetulim',95),(1102598,'Shetulla',95),(1102599,'Shevut `Am',95),(1102600,'Shezaf',95),(1102601,'Shezera',95),(1102602,'Shezor',95),(1102603,'Shfar\'am',95),(1102604,'Shfeyah',95),(1102605,'Shibbolim',95),(1102606,'Shibli',95),(1102607,'Shikhunat Ben `Ammi',95),(1102608,'Shikkun Gil `Amal',95),(1102609,'Shimrath',95),(1102610,'Shimrat',95),(1102611,'Shimron',95),(1102612,'Shiqma',95),(1102613,'Shizzafon',95),(1102614,'Shkhunat-Ono',95),(1102615,'Shlomi',95),(1102616,'Shluhot',95),(1102617,'Shoevah',95),(1102618,'Sho\'eva',95),(1102619,'Shokeda',95),(1102620,'Shomerah',95),(1102621,'Shomera',95),(1102622,'Shomeyra',95),(1102623,'Shoqeda',95),(1102624,'Shorashim',95),(1102625,'Shoresh',95),(1102626,'Shoval 11',95),(1102627,'Shoval 2',95),(1102628,'Shoval 8',95),(1102629,'Shoval Mizrahi 4',95),(1102630,'Shoval Mizrahi Ahat',95),(1102631,'Shoval Mizrahi Hamesh',95),(1102632,'Shoval Mizrahi Shetayim',95),(1102633,'Shoval',95),(1102634,'Shtula',95),(1102635,'Shuba',95),(1102636,'Shunem',95),(1102637,'Shutta',95),(1102638,'Shuvah',95),(1102639,'Shuva',95),(1102640,'Sidna `Ali',95),(1102641,'Sifsufah',95),(1102642,'Sifsufa',95),(1102643,'Sikhnin',95),(1102644,'Simhah',95),(1102645,'Simuniyyah',95),(1102646,'Sineid',95),(1102647,'Sirgoniyah',95),(1102648,'Sirguniyah',95),(1102649,'Sirguniya',95),(1102650,'Sitaryah',95),(1102651,'Sitriyah',95),(1102652,'Sitriya',95),(1102653,'Sitriyya',95),(1102654,'Skythopolis',95),(1102655,'Sneid',95),(1102656,'Sodom',95),(1102657,'Sor\'a',95),(1102658,'Strongpoint 86',95),(1102659,'Suffuriya',95),(1102660,'Sufsaf',95),(1102661,'Suhmata',95),(1102662,'Sulam',95),(1102663,'Sulam Tsor',95),(1102664,'Sumayl',95),(1102665,'Summeil',95),(1102666,'Sumsum',95),(1102667,'Surafend',95),(1102668,'Surieyl',95),(1102669,'Taanach I',95),(1102670,'Ta\'anakh Mizrahi Bet',95),(1102671,'Ta\'anakh Mizrahi G',95),(1102672,'Tabariya',95),(1102673,'Tabariyeh',95),(1102674,'Tabgha Hospice',95),(1102675,'Tadhaz',95),(1102676,'Tahtit',95),(1102677,'Taibe',95),(1102678,'Taiyba',95),(1102679,'Taiyibah',95),(1102680,'Taiyibah',95),(1102681,'Taiyiba',95),(1102682,'Taiyiba',95),(1102683,'Taiyibe',95),(1102684,'Taiyibi',95),(1102685,'Talbieh',95),(1102686,'Talbie',95),(1102687,'Talbiya',95),(1102688,'Talbiye',95),(1102689,'Talbiyye',95),(1102690,'Talha',95),(1102691,'Tall `Adas',95),(1102692,'Tall Jamah',95),(1102693,'Talme Bilu',95),(1102694,'Talme El`azar',95),(1102695,'Talmei Bilu',95),(1102696,'Talmei El\'azar',95),(1102697,'Talmei Menashe',95),(1102698,'Talmei Yafeh',95),(1102699,'Talmei Yafe',95),(1102700,'Talme Menashe',95),(1102701,'Talme Yafeh',95),(1102702,'Talme Yafe',95),(1102703,'Talme Yehi\'el',95),(1102704,'Tal Or',95),(1102705,'Talpiot',95),(1102706,'Talpiyyot',95),(1102707,'Talpiyyut',95),(1102708,'Tal Shahar',95),(1102709,'Tamrah',95),(1102710,'Tamra',95),(1102711,'Ta\'nakh Mizrahi Ahat',95),(1102712,'Tanturah',95),(1102713,'Tantura',95),(1102714,'Ta`oz',95),(1102715,'Tarbihah',95),(1102716,'Tarbiha',95),(1102717,'Tarbikha',95),(1102718,'Tarchiha',95),(1102719,'Tarshihah',95),(1102720,'Tarshiha',95),(1102721,'Tarum',95),(1102722,'Ta`',95),(1102723,'Taybah',95),(1102724,'Taybah',95),(1102725,'Tayibeh',95),(1102726,'Tayibe',95),(1102727,'Te\'ashur',95),(1102728,'Tefahot',95),(1102729,'Teir Shiha',95),(1102730,'Tekuma',95),(1102731,'Tel `Adashim',95),(1102732,'Tel `Adas',95),(1102733,'Tel `Amal',95),(1102734,'Telamim',95),(1102735,'Tel Asher',95),(1102736,'Tel Aviv-Jaffa',95),(1102737,'Tel Aviv',95),(1102738,'Tel Aviv-Yafo',95),(1102739,'Tel Baruch',95),(1102740,'Tel Barukh',95),(1102741,'Tel Benjamin',95),(1102742,'Tel Benyamin',95),(1102743,'Tel Binyamin',95),(1102744,'Tel Efrayim',95),(1102745,'Tel Gat',95),(1102746,'Tel Hai',95),(1102747,'Tel Hanan',95),(1102748,'Tel Hashomer',95),(1102749,'Tel Hay',95),(1102750,'Tell Abib',95),(1102751,'Tell `Adas',95),(1102752,'Tell Afif',95),(1102753,'Tell el Qady',95),(1102754,'Tel Litvinski',95),(1102755,'Tel-Litvinsky',95),(1102756,'Tel Litwinsky',95),(1102757,'Tel Mond',95),(1102758,'Tel Tsofim',95),(1102759,'Tel Tsur',95),(1102760,'Tel Yits-haq',95),(1102761,'Tel Yizhaq',95),(1102762,'Tel Yosef',95),(1102763,'Tel Zur',95),(1102764,'Temarah',95),(1102765,'Temara',95),(1102766,'Tenuvot',95),(1102767,'Tequmah',95),(1102768,'Tequma',95),(1102769,'Tevarya',95),(1102770,'Teverya',95),(1102771,'Tibériade',95),(1102772,'Tiberias',95),(1102773,'Tidhar',95),(1102774,'Tifrah',95),(1102775,'Tigrah',95),(1102776,'Timmorim',95),(1102777,'Timrat',95),(1102778,'Tirah',95),(1102779,'Tirah',95),(1102780,'Tir`an',95),(1102781,'Tirat Carmel',95),(1102782,'Tirat Hakarmel',95),(1102783,'Tirathtzbi',95),(1102784,'Tira',95),(1102785,'Tira',95),(1102786,'Tirat Karmel',95),(1102787,'Tirat Sevi',95),(1102788,'Tirat Shalom',95),(1102789,'Tirattseve',95),(1102790,'Tirat Tsevi',95),(1102791,'Tirat Tsvi',95),(1102792,'Tirat Yehudah',95),(1102793,'Tirat Yehuda',95),(1102794,'Tirat Zevi',95),(1102795,'Tirat Zvi',95),(1102796,'Tire',95),(1102797,'Tirosh',95),(1102798,'Tiva',95),(1102799,'Tive`on',95),(1102800,'Tiv`on',95),(1102801,'Tiv`on',95),(1102802,'T\'kuma',95),(1102803,'T\'lamim',95),(1102804,'Tohelet',95),(1102805,'Tsahala',95),(1102806,'Tsahal',95),(1102807,'Tsandalah',95),(1102808,'Tsarafand al-Kharab',95),(1102809,'Tsarafand',95),(1102810,'Tsarafanid el Harav',95),(1102811,'Tseelim',95),(1102812,'Tsefat',95),(1102813,'Tsefon `Atlit',95),(1102814,'Tsefon Jaljuliyah',95),(1102815,'Tselafon',95),(1102816,'Tserufa',95),(1102817,'Tsiklag',95),(1102818,'Tsipori',95),(1102819,'Tsippori',95),(1102820,'Tsofit',95),(1102821,'Tsomeha',95),(1102822,'Tsomeiha',95),(1102823,'Tsor`ah Bet',95),(1102824,'Tsor`ah',95),(1102825,'Tsor`a',95),(1102826,'Tsor Nathan',95),(1102827,'Tsourel',95),(1102828,'Tsovah',95),(1102829,'Tsova',95),(1102830,'Tsubah',95),(1102831,'Tsuriel',95),(1102832,'Tsur Mosheh',95),(1102833,'Tsur Moshe',95),(1102834,'Tsur Natan',95),(1102835,'Tsuvah',95),(1102836,'Tubah',95),(1102837,'Tubaria',95),(1102838,'Tuba',95),(1102839,'Tur`an',95),(1102840,'Tushiya',95),(1102841,'Tushiyya',95),(1102842,'Tuval',95),(1102843,'Tzomeha',95),(1102844,'Tzur-Natan',95),(1102845,'Udim',95),(1102846,'Ukreir',95),(1102847,'`Ulmaniya',95),(1102848,'Um el Ghanem',95),(1102849,'Um Khalid',95),(1102850,'Umm al Fahm',95),(1102851,'Umm al Faraj',95),(1102852,'Umm-Alghanam',95),(1102853,'Umm al-Jimal',95),(1102854,'Umm al-Qutuf',95),(1102855,'Umm al-Zaynat',95),(1102856,'Umm az Zinat',95),(1102857,'Umm el Faham',95),(1102858,'Umm el Fahm',95),(1102859,'Umm el Faraj',95),(1102860,'Umm el Ghanam',95),(1102861,'`Umm el Ghanem',95),(1102862,'Umm el Ghannam',95),(1102863,'Umm el Jimal',95),(1102864,'Umm el Qutuf',95),(1102865,'Umm el Shuf',95),(1102866,'Ummez Zeinal',95),(1102867,'Umm ez Zeinat',95),(1102868,'Umm ez Zinat',95),(1102869,'Umm Jumieh',95),(1102870,'Umm Juni',95),(1102871,'Umm Kalkha',95),(1102872,'Umm Khalid',95),(1102873,'Umm Rashrash',95),(1102874,'Umrashash',95),(1102875,'Upper Afula',95),(1102876,'Upper Motsa',95),(1102877,'Upper Nazareth',95),(1102878,'Uri\'el',95),(1102879,'Urim',95),(1102880,'Ushah',95),(1102881,'Usha',95),(1102882,'`Uyun Qara',95),(1102883,'`Uza',95),(1102884,'`Uzayr',95),(1102885,'`Uzeir',95),(1102886,'Vardiya',95),(1102887,'Wadi `Ara',95),(1102888,'Wadi Hunayn',95),(1102889,'Wadi Hunein',95),(1102890,'Wadi Keren',95),(1102891,'Wadi Rubin',95),(1102892,'Wadi Shaari C',95),(1102893,'Wadi Sharia A',95),(1102894,'Wadi Sharia B',95),(1102895,'Wady Hanin',95),(1102896,'Walajah',95),(1102897,'Waldheim',95),(1102898,'Wardiya',95),(1102899,'Wardon',95),(1102900,'Wilhelma',95),(1102901,'Wilhelmina',95),(1102902,'Wingate',95),(1102903,'Ya`arah',95),(1102904,'Ya`ara',95),(1102905,'Ya`arot Hacarmel',95),(1102906,'Ya`arot HaKarmel',95),(1102907,'Ya`arot Karmel',95),(1102908,'Yabneel',95),(1102909,'Yabniel',95),(1102910,'Yad Binyamin',95),(1102911,'Yad Eli`ezer',95),(1102912,'Yad Hanah',95),(1102913,'Yad Hanna',95),(1102914,'Yad Mordekhai',95),(1102915,'Yad Mordekhay',95),(1102916,'Yad Natan',95),(1102917,'Yad Rambam',95),(1102918,'Ya`el',95),(1102919,'Ya`el',95),(1102920,'Yafa an-Nasirah',95),(1102921,'Yafah',95),(1102922,'Yafa',95),(1102923,'Yafa',95),(1102924,'Yaffa',95),(1102925,'Yafi`a',95),(1102926,'Yafo',95),(1102927,'Yagel',95),(1102928,'Yagev',95),(1102929,'Yagur',95),(1102930,'Yaham',95),(1102931,'Yahel',95),(1102932,'Yahudiya',95),(1102933,'Yahudiyyah',95),(1102934,'Yair',95),(1102935,'Yajur',95),(1102936,'Yakhini',95),(1102937,'Yakhin',95),(1102938,'Yakuk',95),(1102939,'Yakum',95),(1102940,'Yamah',95),(1102941,'Yama',95),(1102942,'Yamin Orde',95),(1102943,'Yamin',95),(1102944,'Yammah',95),(1102945,'Yamma',95),(1102946,'Yamma',95),(1102947,'Yanoah',95),(1102948,'Yanuh',95),(1102949,'Yanuv B',95),(1102950,'Yanuv',95),(1102951,'Yaqum',95),(1102952,'Yaquq',95),(1102953,'Ya`rah',95),(1102954,'Yardena',95),(1102955,'Yarhiv',95),(1102956,'Yarkah',95),(1102957,'Yarkonah',95),(1102958,'Yar Oun',95),(1102959,'Yarqona Ha-Rehava',95),(1102960,'Yarqonah',95),(1102961,'Yarqona',95),(1102962,'Yashresh',95),(1102963,'Yasur',95),(1102964,'Yas`ur',95),(1102965,'Yatsits',95),(1102966,'Yatsivim',95),(1102967,'Yatsiv',95),(1102968,'Yavne\'el',95),(1102969,'Yavneh Hadromit',95),(1102970,'Yavneh',95),(1102971,'Yavne',95),(1102972,'Yavniel',95),(1102973,'Yavor',95),(1102974,'Yazir',95),(1102975,'Yaziv',95),(1102976,'Yaziz',95),(1102977,'Yazor',95),(1102978,'Yazur',95),(1102979,'Yedideya',95),(1102980,'Yedidyah',95),(1102981,'Yedidya',95),(1102982,'Yefe Anaf',95),(1102983,'Yefe Nof',95),(1102984,'Yehi`am',95),(1102985,'Yehudie',95),(1102986,'Yehud',95),(1102987,'Yemin Orde',95),(1102988,'Yeroham',95),(1102989,'Yeruham',95),(1102990,'Yesha`',95),(1102991,'Yesodot',95),(1102992,'Yessod Hammaalah',95),(1102993,'Yessodot',95),(1102994,'Yesud Hama`alah',95),(1102995,'Yesud HaMa`ala',95),(1102996,'Yesud Ham Ma`ala',95),(1102997,'Yevula',95),(1102998,'Yezre`el',95),(1102999,'Yibnah',95),(1103000,'Yibna',95),(1103001,'Yibneh',95),(1103002,'Yif`at',95),(1103003,'Yiftah',95),(1103004,'Yikkon',95),(1103005,'Yikon',95),(1103006,'Yinnon',95),(1103007,'Yinon',95),(1103008,'Yirka',95),(1103009,'Yir\'on',95),(1103010,'Yish`i',95),(1103011,'Yis`or',95),(1103012,'Yisud HaMa`ale',95),(1103013,'Yizra`el',95),(1103014,'Yizre`am',95),(1103015,'Yizre`el',95),(1103016,'Yizr`el',95),(1103017,'Yodefat',95),(1103018,'Yohanan',95),(1103019,'Yoqn`am',95),(1103020,'Yoqne`am `Illit',95),(1103021,'Yoqne`am',95),(1103022,'Yoshivyah',95),(1103023,'Yoshivya',95),(1103024,'Yot\'bathah',95),(1103025,'Yotvata',95),(1103026,'Yuvallim',95),(1103027,'Yuval',95),(1103028,'Zabdiel B',95),(1103029,'Zafririm',95),(1103030,'Zafriyya',95),(1103031,'Zahala',95),(1103032,'Zakariyah',95),(1103033,'Zakariya',95),(1103034,'Zalafa el Gharbiya',95),(1103035,'Zalafa esh Sharqiya',95),(1103036,'Zalafah',95),(1103037,'Zalafa',95),(1103038,'Zalafe',95),(1103039,'Zamarin',95),(1103040,'Zammarin',95),(1103041,'Zandala',95),(1103042,'Zanjariyyah',95),(1103043,'Zanoah',95),(1103044,'Zaraait',95),(1103045,'Zarhiya',95),(1103046,'Zar`in',95),(1103047,'Zar`it',95),(1103048,'Zarnuka',95),(1103049,'Zarnuqah',95),(1103050,'Zarnuqa',95),(1103051,'Zavdi\'el',95),(1103052,'Ze\'elim',95),(1103053,'Zefat',95),(1103054,'Zeitan',95),(1103055,'Zekharya',95),(1103056,'Zekher Dov',95),(1103057,'Zelafon',95),(1103058,'Z`elim',95),(1103059,'Zemorot',95),(1103060,'Zerahyah',95),(1103061,'Zerahya',95),(1103062,'Zera`im',95),(1103063,'Zerin',95),(1103064,'Zeru`a',95),(1103065,'Zerufa',95),(1103066,'Zetan',95),(1103067,'Zeviyya',95),(1103068,'Zicron Jacob',95),(1103069,'Ziglag',95),(1103070,'Zikeron Ya`akob',95),(1103071,'Zikhron Ya`aqov',95),(1103072,'Zimrat',95),(1103073,'Zippori',95),(1103074,'Ziqim',95),(1103075,'Zir`in',95),(1103076,'Zofar',95),(1103077,'Zofit',95),(1103078,'Zofiyya',95),(1103079,'Zohar',95),(1103080,'Zomeha',95),(1103081,'Zor`a',95),(1103082,'Zova',95),(1103083,'Zuk Fukani',95),(1103084,'Zur Hadassa',95),(1103085,'Zuri\'el',95),(1103086,'Zurit',95),(1103087,'Zur Moshe',95),(1103088,'Zur Natan',95),(1103089,'Zur Shalom',95),(1124931,'New Delhi',96),(1283165,'Roma',100),(1308195,'Tokyo',103),(1635069,'Mexico City',144),(2012894,'Bâcu',175),(2135943,'Moscow',176),(2271158,'Stockholm',182),(2526207,'Abanda',230),(2526208,'Abbeville',230),(2526209,'Abbot Springs',230),(2526210,'Abel',230),(2526211,'Abercrombie',230),(2526212,'Aberfoil',230),(2526213,'Abernant',230),(2526214,'Abernathy',230),(2526215,'Academy Park',230),(2526216,'Acipcoville',230),(2526217,'Ackerville',230),(2526218,'Acmar',230),(2526219,'Active',230),(2526220,'Acton',230),(2526221,'Ada',230),(2526222,'Adair Ford',230),(2526223,'Adams',230),(2526224,'Adams Crossroads',230),(2526225,'Adamsburg',230),(2526226,'Adamsville',230),(2526227,'Addison',230),(2526228,'Aden',230),(2526229,'Adger',230),(2526230,'Adkin Hill',230),(2526231,'Adler',230),(2526232,'Adville',230),(2526233,'Agricola',230),(2526234,'Ai',230),(2526235,'Aimwell',230),(2526236,'Airport Highlands',230),(2526237,'Akinsville',230),(2526238,'Akka',230),(2526239,'Akron',230),(2526240,'Alabama City',230),(2526241,'Alabama Fork',230),(2526242,'Alabama Port',230),(2526243,'Alabama Shores',230),(2526244,'Alabaster',230),(2526245,'Alaga',230),(2526246,'Alberta',230),(2526247,'Alberton',230),(2526248,'Albertville',230),(2526249,'Alden',230),(2526250,'Alder Springs',230),(2526251,'Aldrich',230),(2526252,'Aldridge',230),(2526253,'Aldridge Grove',230),(2526254,'Alexander City',230),(2526255,'Alexandria',230),(2526256,'Alexis',230),(2526257,'Alfalfa',230),(2526258,'Alice',230),(2526259,'Aliceville',230),(2526260,'Allens Crossroads',230),(2526261,'Allens Factory',230),(2526262,'Allenton',230),(2526263,'Allenton Station',230),(2526264,'Allenville',230),(2526265,'Allgood',230),(2526266,'Alliance',230),(2526267,'Allison',230),(2526268,'Allison Mills',230),(2526269,'Allred',230),(2526270,'Allsboro',230),(2526271,'Allsop',230),(2526272,'Alma',230),(2526273,'Almeria',230),(2526274,'Almond',230),(2526275,'Almont',230),(2526276,'Alpine',230),(2526277,'Alpine Bay',230),(2526278,'Alpine Shores',230),(2526279,'Alta',230),(2526280,'Alta Vista',230),(2526281,'Altadena Ridge Estates',230),(2526282,'Altadena Woods',230),(2526283,'Altamont Park',230),(2526284,'Alton',230),(2526285,'Altoona',230),(2526286,'America',230),(2526287,'Andalusia',230),(2526288,'Anderson',230),(2526289,'Andrews Chapel',230),(2526290,'Angel',230),(2526291,'Anita',230),(2526292,'Anne Manie',230),(2526293,'Anniston',230),(2526294,'Ansley',230),(2526295,'Antioch',230),(2526296,'Antioch Estates',230),(2526297,'Apple Grove',230),(2526298,'Appleton',230),(2526299,'Aqua Vista',230),(2526300,'Aquilla',230),(2526301,'Arab',230),(2526302,'Ararat',230),(2526303,'Arbacoochee',230),(2526304,'Archer',230),(2526305,'Arcola',230),(2526306,'Arcus',230),(2526307,'Ardell',230),(2526308,'Ardilla',230),(2526309,'Ardmore',230),(2526310,'Argo',230),(2526311,'Arguta',230),(2526312,'Ariton',230),(2526313,'Arkadelphia',230),(2526314,'Arkdell',230),(2526315,'Arkwright',230),(2526316,'Arley',230),(2526317,'Arley Landing',230),(2526318,'Arlington',230),(2526319,'Armstead',230),(2526320,'Armstrong',230),(2526321,'Arnedra Subdivision',230),(2526322,'Arona',230),(2526323,'Arrowhead',230),(2526324,'Asahel',230),(2526325,'Asberry',230),(2526326,'Asbury',230),(2526327,'Asbury Park',230),(2526328,'Ashbank',230),(2526329,'Ashby',230),(2526330,'Ashcraft Corner',230),(2526331,'Ashford',230),(2526332,'Ashland',230),(2526333,'Ashridge',230),(2526334,'Ashville',230),(2526335,'Askea Grove',230),(2526336,'Aspel',230),(2526337,'Athens',230),(2526338,'Atkeison',230),(2526339,'Atmore',230),(2526340,'Attalla',230),(2526341,'Atwood',230),(2526342,'Aubrey',230),(2526343,'Aubrey Isle',230),(2526344,'Auburn',230),(2526345,'Augustin',230),(2526346,'Aurora',230),(2526347,'Austin Subdivision',230),(2526348,'Austinville',230),(2526349,'Autaugaville',230),(2526350,'Ava',230),(2526351,'Avalon Park',230),(2526352,'Avant',230),(2526353,'Avery',230),(2526354,'Avon',230),(2526355,'Avon Park',230),(2526356,'Avondale',230),(2526357,'Avondale Village',230),(2526358,'Awin',230),(2526359,'Axis',230),(2526360,'Axle',230),(2526361,'Ayres',230),(2526362,'Ayres Estates',230),(2526363,'Babbie',230),(2526364,'Bachelors Chapel',230),(2526365,'Backems Crossroads',230),(2526366,'Backers Landing',230),(2526367,'Bacon Level',230),(2526368,'Bagley',230),(2526369,'Bagley Meadows',230),(2526370,'Bailey Cove Estates',230),(2526371,'Bailey Crossroads',230),(2526372,'Bailey Springs',230),(2526373,'Baileys Landing',230),(2526374,'Baileyton',230),(2526375,'Baileytown',230),(2526376,'Baker Hill',230),(2526377,'Bald Hill',230),(2526378,'Baldwin',230),(2526379,'Balkum',230),(2526380,'Ball Flat',230),(2526381,'Ballfield Landing',230),(2526382,'Ballplay',230),(2526383,'Baltic',230),(2526384,'Baltimore Hill',230),(2526385,'Bama Dale',230),(2526386,'Bama Park',230),(2526387,'Bamford',230),(2526388,'Bangor',230),(2526389,'Bankhead',230),(2526390,'Banks',230),(2526391,'Bankston',230),(2526392,'Baptist Hill',230),(2526393,'Barachias',230),(2526394,'Barber',230),(2526395,'Barclay',230),(2526396,'Barefield Crossroads',230),(2526397,'Barfield',230),(2526398,'Barlow',230),(2526399,'Barlow Bend',230),(2526400,'Barlow Landing',230),(2526401,'Barnes',230),(2526402,'Barnesville',230),(2526403,'Barnett Chapel',230),(2526404,'Barnett Crossroads',230),(2526405,'Barney',230),(2526406,'Barneys Lower Landing',230),(2526407,'Barnisdale Forest',230),(2526408,'Barnwell',230),(2526409,'Barrett',230),(2526410,'Barrett Crossroads',230),(2526411,'Barry Village',230),(2526412,'Barrytown',230),(2526413,'Barton',230),(2526414,'Bartonville',230),(2526415,'Basham',230),(2526416,'Bashi',230),(2526417,'Basin',230),(2526418,'Bass',230),(2526419,'Bassetts Creek',230),(2526420,'Batchelor Subdivision',230),(2526421,'Batesville',230),(2526422,'Bath Springs',230),(2526423,'Battelle',230),(2526424,'Battens Crossroads',230),(2526425,'Battery Hill',230),(2526426,'Battleground',230),(2526427,'Battles Wharf',230),(2526428,'Baxters',230),(2526429,'Bay Minette',230),(2526430,'Bay Springs',230),(2526431,'Bay View',230),(2526432,'Bayleys Corner',230),(2526433,'Bayou La Batre',230),(2526434,'Bayside',230),(2526435,'Bazemore',230),(2526436,'Beacon',230),(2526437,'Beamon',230),(2526438,'Beans Crossroads',230),(2526439,'Beans Mill',230),(2526440,'Bear Creek',230),(2526441,'Beards Mill',230),(2526442,'Beasley',230),(2526443,'Beatrice',230),(2526444,'Beaty Crossroads',230),(2526445,'Beauregard',230),(2526446,'Beaver Town',230),(2526447,'Beaverton',230),(2526448,'Beck',230),(2526449,'Beda',230),(2526450,'Bedford',230),(2526451,'Beechwood',230),(2526452,'Beechwood Acres',230),(2526453,'Beehive',230),(2526454,'Bel Air',230),(2526455,'Bel Air Estates',230),(2526456,'Belchers',230),(2526457,'Belforest',230),(2526458,'Belgreen',230),(2526459,'Belk',230),(2526460,'Belknap',230),(2526461,'Bell',230),(2526462,'Bell Factory',230),(2526463,'Bell Mills',230),(2526464,'Bell Springs',230),(2526465,'Bell Station',230),(2526466,'Bell-Merrill',230),(2526467,'Bellamy',230),(2526468,'Belle Ellen',230),(2526469,'Belle Haven',230),(2526470,'Belle Mina',230),(2526471,'Belle Vista',230),(2526472,'Bellefontaine',230),(2526473,'Bellefonte',230),(2526474,'Bellemeade',230),(2526475,'Belleville',230),(2526476,'Bellevue',230),(2526477,'Bells Crossroads',230),(2526478,'Belltown',230),(2526479,'Bellview',230),(2526480,'Bellwood',230),(2526481,'Belmont',230),(2526482,'Beloit',230),(2526483,'Beltona',230),(2526484,'Belview Heights',230),(2526485,'Belwood',230),(2526486,'Bemiston',230),(2526487,'Bendale',230),(2526488,'Benevola',230),(2526489,'Benoit',230),(2526490,'Bent Tree',230),(2526491,'Bentley Hills',230),(2526492,'Bentleyville',230),(2526493,'Benton',230),(2526494,'Berkley',230),(2526495,'Berkley Hills',230),(2526496,'Berlin',230),(2526497,'Bermuda',230),(2526498,'Berney Points',230),(2526499,'Berneys',230),(2526500,'Berry',230),(2526501,'Berry Springs',230),(2526502,'Bertha',230),(2526503,'Berwick',230),(2526504,'Bessemer',230),(2526505,'Bessemer Gardens',230),(2526506,'Bessemer Homestead',230),(2526507,'Bessemer Junction',230),(2526508,'Bessie',230),(2526509,'Bessie Junction',230),(2526510,'Bethel',230),(2526511,'Bethel Grove',230),(2526512,'Bethlehem',230),(2526513,'Bethsaida',230),(2526514,'Betts Lower Landing',230),(2526515,'Beulah',230),(2526516,'Beulah Land',230),(2526517,'Bevelle',230),(2526518,'Beverly Station',230),(2526519,'Bexar',230),(2526520,'Bibb Mill',230),(2526521,'Bibbville',230),(2526522,'Biddle Crossroads',230),(2526523,'Big Cove',230),(2526524,'Big Creek',230),(2526525,'Big Oak',230),(2526526,'Big Ridge',230),(2526527,'Big Springs',230),(2526528,'Bigbee',230),(2526529,'Billingsley',230),(2526530,'Billy Goat Hill',230),(2526531,'Bingham',230),(2526532,'Binghamtown',230),(2526533,'Birdeye',230),(2526534,'Birdsong',230),(2526535,'Birmingham',230),(2526536,'Biscayne Highlands',230),(2526537,'Bishop',230),(2526538,'Black',230),(2526539,'Black Bottom',230),(2526540,'Black Creek',230),(2526541,'Black Diamond',230),(2526542,'Black Pond',230),(2526543,'Blackankle',230),(2526544,'Blackburn',230),(2526545,'Blackman',230),(2526546,'Blacksher',230),(2526547,'Blackwood',230),(2526548,'Bladon Springs',230),(2526549,'Bladon Springs Landing',230),(2526550,'Blairs',230),(2526551,'Blake',230),(2526552,'Blakeley',230),(2526553,'Blalock',230),(2526554,'Blanche',230),(2526555,'Blands Landing',230),(2526556,'Blanton',230),(2526557,'Bleecker',230),(2526558,'Blockton Junc',230),(2526559,'Blooming Grove',230),(2526560,'Blossburg',230),(2526561,'Bloucher Ford',230),(2526562,'Blount Landing',230),(2526563,'Blount Springs',230),(2526564,'Blountsville',230),(2526565,'Blow Gourd',230),(2526566,'Blue Creek',230),(2526567,'Blue Creek Junction',230),(2526568,'Blue Eye',230),(2526569,'Blue Ford Landing',230),(2526570,'Blue Mountain',230),(2526571,'Blue Pond',230),(2526572,'Blue Ridge',230),(2526573,'Blue Springs',230),(2526574,'Blue Springs Park',230),(2526575,'Blues Old Stand',230),(2526576,'Bluff',230),(2526577,'Bluff City',230),(2526578,'Bluff Park',230),(2526579,'Bluff Ridge Subdivision',230),(2526580,'Bluff Springs',230),(2526581,'Bluffport',230),(2526582,'Bluffton',230),(2526583,'Boar Tush',230),(2526584,'Boaz',230),(2526585,'Boaz Corner',230),(2526586,'Bobo',230),(2526587,'Bogue Chitto',230),(2526588,'Bogueloosa',230),(2526589,'Bohannon Ford',230),(2526590,'Boiling Spring',230),(2526591,'Boiling Springs',230),(2526592,'Boldo',230),(2526593,'Boley Springs',230),(2526594,'Boligee',230),(2526595,'Bolinger',230),(2526596,'Bolivar',230),(2526597,'Bolling',230),(2526598,'Bolte',230),(2526599,'Bomar',230),(2526600,'Bon Acre Landing',230),(2526601,'Bon Air',230),(2526602,'Bon Secour',230),(2526603,'Bon-Air',230),(2526604,'Bonita',230),(2526605,'Bonneville',230),(2526606,'Bonnie Doone',230),(2526607,'Bonny Brook',230),(2526608,'Booker Heights',230),(2526609,'Booker T City',230),(2526610,'Bookers Mill',230),(2526611,'Booneville',230),(2526612,'Boot Hill',230),(2526613,'Booth',230),(2526614,'Booth Ford',230),(2526615,'Boothetown',230),(2526616,'Boothton',230),(2526617,'Borden Springs',230),(2526618,'Borden Wheeler Springs',230),(2526619,'Boromville',230),(2526620,'Bostic',230),(2526621,'Boston',230),(2526622,'Bosworth',230),(2526623,'Bowden Grove',230),(2526624,'Bowles',230),(2526625,'Bowman Crossroads',230),(2526626,'Boxtel',230),(2526627,'Boyd',230),(2526628,'Boyds',230),(2526629,'Boykin',230),(2526630,'Boyles Highlands',230),(2526631,'Boylston',230),(2526632,'Bradford',230),(2526633,'Bradley',230),(2526634,'Bradley Landing',230),(2526635,'Bradleyton',230),(2526636,'Bradleytown',230),(2526637,'Braggs',230),(2526638,'Braggsville',230),(2526639,'Braggville',230),(2526640,'Branchville',230),(2526641,'Brandontown',230),(2526642,'Brannon Stand',230),(2526643,'Brannon Stand Heights',230),(2526644,'Brans Chapel',230),(2526645,'Brantley',230),(2526646,'Brantley Crossing',230),(2526647,'Brantleyville',230),(2526648,'Brasfield Landing',230),(2526649,'Brassell',230),(2526650,'Brassell Bottom',230),(2526651,'Bread Tray Hill',230),(2526652,'Breezeway Bay',230),(2526653,'Bremen',230),(2526654,'Brent',230),(2526655,'Brents Cross Roads',230),(2526656,'Brentwood',230),(2526657,'Brewersville',230),(2526658,'Brewton',230),(2526659,'Briar Hill',230),(2526660,'Briar Lake Estates',230),(2526661,'Briarcliff Estates',230),(2526662,'Briarfield',230),(2526663,'Brice',230),(2526664,'Brickyard',230),(2526665,'Brickyard Junction',230),(2526666,'Brides Hill',230),(2526667,'Bridgehead',230),(2526668,'Bridgeport',230),(2526669,'Bridgeport Landing',230),(2526670,'Bridgeton',230),(2526671,'Bridgeville',230),(2526672,'Bridlewood Forest Estates',230),(2526673,'Brierfield',230),(2526674,'Bright Star',230),(2526675,'Brighton',230),(2526676,'Brightwater',230),(2526677,'Brilliant',230),(2526678,'Brinn',230),(2526679,'Briscoe',230),(2526680,'Bristow',230),(2526681,'Broach Mill',230),(2526682,'Bromley',230),(2526683,'Brompton',230),(2526684,'Brook Highland',230),(2526685,'Brookhurst',230),(2526686,'Brooklane Place',230),(2526687,'Brooklyn',230),(2526688,'Brooks',230),(2526689,'Brooks Acres',230),(2526690,'Brooks Crossroads',230),(2526691,'Brookside',230),(2526692,'Brooksville',230),(2526693,'Brookwood',230),(2526694,'Brookwood Forest',230),(2526695,'Broomtown',230),(2526696,'Broughton',230),(2526697,'Brown Estates',230),(2526698,'Browns',230),(2526699,'Browns Corner',230),(2526700,'Browns Crossroad',230),(2526701,'Browns Landing',230),(2526702,'Brownsboro',230),(2526703,'Brownstown',230),(2526704,'Brownsville',230),(2526705,'Browntown',230),(2526706,'Brownville',230),(2526707,'Bruceville',230),(2526708,'Brundidge',230),(2526709,'Brush Creek',230),(2526710,'Brushy Creek',230),(2526711,'Brushy Pond',230),(2526712,'Brutonville',230),(2526713,'Bryan',230),(2526714,'Bryant',230),(2526715,'Bryant Landing',230),(2526716,'Buck Island Shores',230),(2526717,'Buckhorn',230),(2526718,'Bucks',230),(2526719,'Bucksnort',230),(2526720,'Bucksville',230),(2526721,'Buckville',230),(2526722,'Buena Vista',230),(2526723,'Buena Vista Highlands',230),(2526724,'Buffalo',230),(2526725,'Buhl',230),(2526726,'Bulgers',230),(2526727,'Bull City',230),(2526728,'Bullock',230),(2526729,'Burbank',230),(2526730,'Burchfield',230),(2526731,'Burgess',230),(2526732,'Burgreen Gin',230),(2526733,'Burkhalter Subdivision',230),(2526734,'Burkville',230),(2526735,'Burlington',230),(2526736,'Burningtree Estates',230),(2526737,'Burningtree Mountain',230),(2526738,'Burns',230),(2526739,'Burns Crossroad',230),(2526740,'Burnstown',230),(2526741,'Burnsville',230),(2526742,'Burnt Corn',230),(2526743,'Burntout',230),(2526744,'Burnwell',230),(2526745,'Burrows',230),(2526746,'Burrows Crossroads',230),(2526747,'Bush',230),(2526748,'Butler',230),(2526749,'Butler Mill',230),(2526750,'Butler Springs',230),(2526751,'Butlers Mill',230),(2526752,'Butts Mill',230),(2526753,'Buttston',230),(2526754,'Buyck',230),(2526755,'Buzbee Landing',230),(2526756,'Bynum',230),(2526757,'Byrd',230),(2526758,'Caddo',230),(2526759,'Caffee Junction',230),(2526760,'Cahaba',230),(2526761,'Cahaba Cliffs',230),(2526762,'Cahaba Commons',230),(2526763,'Cahaba Crest',230),(2526764,'Cahaba Heights',230),(2526765,'Cahaba Hills',230),(2526766,'Cahaba Oaks',230),(2526767,'Cahaba River Estates',230),(2526768,'Cahaba Valley Estates',230),(2526769,'Cain Landing',230),(2526770,'Cairo',230),(2526771,'Calcis',230),(2526772,'Caldwell',230),(2526773,'Calebee',230),(2526774,'Caledonia',230),(2526775,'Calera',230),(2526776,'Calhoun',230),(2526777,'Calliston',230),(2526778,'Calumet',230),(2526779,'Calvary',230),(2526780,'Calvert',230),(2526781,'Cambridge',230),(2526782,'Camden',230),(2526783,'Camelot',230),(2526784,'Camelot Plateau',230),(2526785,'Cameron',230),(2526786,'Cameronsville',230),(2526787,'Camp Branch',230),(2526788,'Camp Ground',230),(2526789,'Camp Hill',230),(2526790,'Camp Horne',230),(2526791,'Campbell',230),(2526792,'Campbell Mill',230),(2526793,'Campbell Springs',230),(2526794,'Campbells Crossroads',230),(2526795,'Campbells Landing',230),(2526796,'Campbellville',230),(2526797,'Campground',230),(2526798,'Canaan',230),(2526799,'Candlewood Lakes',230),(2526800,'Cane Creek',230),(2526801,'Canoe',230),(2526802,'Cantelous',230),(2526803,'Canty',230),(2526804,'Cape Choccolocco',230),(2526805,'Capps',230),(2526806,'Capri Islands',230),(2526807,'Capshaw',230),(2526808,'Carara',230),(2526809,'Carbon Hill',230),(2526810,'Card Switch',230),(2526811,'Cardiff',230),(2526812,'Carey',230),(2526813,'Carl Smith Subdivision',230),(2526814,'Carleton Point',230),(2526815,'Carleys',230),(2526816,'Carlisle',230),(2526817,'Carloss',230),(2526818,'Carlowville',230),(2526819,'Carlton',230),(2526820,'Carmen',230),(2526821,'Carney',230),(2526822,'Carns',230),(2526823,'Carolina',230),(2526824,'Carpenter',230),(2526825,'Carr Mill',230),(2526826,'Carriage Hills',230),(2526827,'Carroll Crossroads',230),(2526828,'Carrollton',230),(2526829,'Carrville',230),(2526830,'Carson',230),(2526831,'Carter Grove',230),(2526832,'Carter Subdivision',230),(2526833,'Carters Hill',230),(2526834,'Cartersville',230),(2526835,'Cartwright',230),(2526836,'Casemore',230),(2526837,'Casey',230),(2526838,'Castleberry',230),(2526839,'Caswell',230),(2526840,'Catalpa',230),(2526841,'Catherine',230),(2526842,'Catoma',230),(2526843,'Cavalry Hill',230),(2526844,'Cave Spring',230),(2526845,'Cave Springs',230),(2526846,'Cavers Grove',230),(2526847,'Cecil',230),(2526848,'Cedar Bluff',230),(2526849,'Cedar Cove',230),(2526850,'Cedar Cove Estates',230),(2526851,'Cedar Grove',230),(2526852,'Cedar Hill',230),(2526853,'Cedar Hills Estates',230),(2526854,'Cedar Lake',230),(2526855,'Cedar Plains',230),(2526856,'Cedar Point',230),(2526857,'Cedar Springs',230),(2526858,'Cedarville',230),(2526859,'Cedron',230),(2526860,'Cedrum',230),(2526861,'Celeste',230),(2526862,'Centenary',230),(2526863,'Center',230),(2526864,'Center Chapel',230),(2526865,'Center Community',230),(2526866,'Center Dale',230),(2526867,'Center Grove',230),(2526868,'Center Hill',230),(2526869,'Center Point',230),(2526870,'Center Point Gardens',230),(2526871,'Center Ridge',230),(2526872,'Center Star',230),(2526873,'Center West',230),(2526874,'Centercrest',230),(2526875,'Centerville',230),(2526876,'Centerwood Estates',230),(2526877,'Central',230),(2526878,'Central City',230),(2526879,'Central Heights',230),(2526880,'Central Highlands',230),(2526881,'Central Mills',230),(2526882,'Central Park Highlands',230),(2526883,'Centre',230),(2526884,'Centreville',230),(2526885,'Chalkville',230),(2526886,'Chalybeate Springs',230),(2526887,'Chambers',230),(2526888,'Chambers Springs',230),(2526889,'Chamblee',230),(2526890,'Chamblees Mill',230),(2526891,'Champion',230),(2526892,'Chana Creek',230),(2526893,'Chance',230),(2526894,'Chancellor',230),(2526895,'Chancellor Crossroads',230),(2526896,'Chances Crossroad',230),(2526897,'Chandler Mountain',230),(2526898,'Chandler Springs',230),(2526899,'Chapel Hill',230),(2526900,'Chapman',230),(2526901,'Chapman Heights',230),(2526902,'Chappell Hill',230),(2526903,'Chase',230),(2526904,'Chastang',230),(2526905,'Chateau Estates',230),(2526906,'Chatom',230),(2526907,'Chavies',230),(2526908,'Chehaw',230),(2526909,'Chelsea',230),(2526910,'Chepultepec',230),(2526911,'Cherokee',230),(2526912,'Cherokee Acres',230),(2526913,'Cherokee Beach',230),(2526914,'Cherokee Bluffs',230),(2526915,'Cherokee Brook Estates',230),(2526916,'Cherokee Forest',230),(2526917,'Cherokee Village',230),(2526918,'Cherry Grove',230),(2526919,'Cherrytree',230),(2526920,'Chesson',230),(2526921,'Chestang',230),(2526922,'Chesterfield',230),(2526923,'Chestnut',230),(2526924,'Chestnut Glen',230),(2526925,'Chestnut Grove',230),(2526926,'Chestnut Ridge',230),(2526927,'Chetopa',230),(2526928,'Chewacla',230),(2526929,'Chickasaw',230),(2526930,'Chickasaw Heights',230),(2526931,'Chico',230),(2526932,'Chigger Hill',230),(2526933,'Childersburg',230),(2526934,'Chilton',230),(2526935,'China',230),(2526936,'China Grove',230),(2526937,'Chinn',230),(2526938,'Chinnabee',230),(2526939,'Chisca',230),(2526940,'Chisholm',230),(2526941,'Choccolocco',230),(2526942,'Choctaw Bluff',230),(2526943,'Choctaw City',230),(2526944,'Choctaw Corner',230),(2526945,'Choctaw Hills',230),(2526946,'Christiana',230),(2526947,'Christmas Landing',230),(2526948,'Chrysler',230),(2526949,'Chulafinnee',230),(2526950,'Chulavista',230),(2526951,'Chunchula',230),(2526952,'Chunnenuggee',230),(2526953,'Churntown',230),(2526954,'Citico',230),(2526955,'Citronelle',230),(2526956,'Clackville',230),(2526957,'Claiborne',230),(2526958,'Claiborne Landing',230),(2526959,'Clairmont Springs',230),(2526960,'Clanton',230),(2526961,'Clarence',230),(2526962,'Clark',230),(2526963,'Clark Crossroads',230),(2526964,'Clarkdale',230),(2526965,'Clarke',230),(2526966,'Clarksville',230),(2526967,'Clarksville Landing',230),(2526968,'Claud',230),(2526969,'Clay',230),(2526970,'Clay City',230),(2526971,'Clayborn',230),(2526972,'Clayhatchee',230),(2526973,'Clayhill',230),(2526974,'Claysville',230),(2526975,'Clayton',230),(2526976,'Clear Creek Estates',230),(2526977,'Clear Springs',230),(2526978,'Clearview',230),(2526979,'Cleburne',230),(2526980,'Clemons Crossroad',230),(2526981,'Cleveland',230),(2526982,'Cleveland Crossroads',230),(2526983,'Cleveland Mills',230),(2526984,'Cliff Haven',230),(2526985,'Clift Acres',230),(2526986,'Clifty',230),(2526987,'Clinton',230),(2526988,'Clintonville',230),(2526989,'Clio',230),(2526990,'Cloester Valley',230),(2526991,'Clopton',230),(2526992,'Clough',230),(2526993,'Clover Hill',230),(2526994,'Cloverdale',230),(2526995,'Cloverdale Heights',230),(2526996,'Clowers Crossroads',230),(2526997,'Clubview Heights',230),(2526998,'Cluttsville',230),(2526999,'Clyde Jones Subdivision',230),(2527000,'Coal Bluff',230),(2527001,'Coal City',230),(2527002,'Coal Fire',230),(2527003,'Coal Valley',230),(2527004,'Coalburg',230),(2527005,'Coaldale',230),(2527006,'Coaling',230),(2527007,'Coalmont',230),(2527008,'Coates',230),(2527009,'Coatopa',230),(2527010,'Cobb City',230),(2527011,'Cobbs Ford',230),(2527012,'Cobbs Quarters',230),(2527013,'Cochran Landing',230),(2527014,'Cochrane',230),(2527015,'Coden',230),(2527016,'Coffee Springs',230),(2527017,'Coffeeville',230),(2527018,'Coffeeville Landing',230),(2527019,'Cohassett',230),(2527020,'Coker',230),(2527021,'Coker Heights',230),(2527022,'Colbert',230),(2527023,'Colbert Heights',230),(2527024,'Cold Spring',230),(2527025,'Cold Springs',230),(2527026,'Coldwater',230),(2527027,'Cole Spring',230),(2527028,'Coleanor',230),(2527029,'Coleman',230),(2527030,'Coleta',230),(2527031,'Colina',230),(2527032,'Collbran',230),(2527033,'Collins',230),(2527034,'Collins Chapel',230),(2527035,'Collinsville',230),(2527036,'Collirene',230),(2527037,'Colonial Heights',230),(2527038,'Colony',230),(2527039,'Columbia',230),(2527040,'Columbiana',230),(2527041,'Columbus',230),(2527042,'Columbus City',230),(2527043,'Colvin',230),(2527044,'Colvins Gap',230),(2527045,'Colwell',230),(2527046,'Comer',230),(2527047,'Comerdale',230),(2527048,'Commerce',230),(2527049,'Compton Landing',230),(2527050,'Concord',230),(2527051,'Confederate Estates',230),(2527052,'Confederate Hill Estates',230),(2527053,'Confluence',230),(2527054,'Congo',230),(2527055,'Consul',230),(2527056,'Contwell',230),(2527057,'Cooks',230),(2527058,'Cooks Crossroads',230),(2527059,'Cooks Springs',230),(2527060,'Cool Springs',230),(2527061,'Cooley Crossroads',230),(2527062,'Coon Creek',230),(2527063,'Cooper',230),(2527064,'Coopers Mill',230),(2527065,'Coosa Court',230),(2527066,'Coosa Pines',230),(2527067,'Coosa River',230),(2527068,'Coosada',230),(2527069,'Copeland',230),(2527070,'Copeland Bridge',230),(2527071,'Copeland Gap',230),(2527072,'Copper Springs',230),(2527073,'Coppinville',230),(2527074,'Corbin',230),(2527075,'Corbinville',230),(2527076,'Corcoran',230),(2527077,'Cordova',230),(2527078,'Corinth',230),(2527079,'Corner',230),(2527080,'Cornerstone',230),(2527081,'Cornhouse',230),(2527082,'Cornwall Furnace',230),(2527083,'Corona',230),(2527084,'Cortelyou',230),(2527085,'Cottage Grove',230),(2527086,'Cottage Hill',230),(2527087,'Cotton',230),(2527088,'Cotton Hill',230),(2527089,'Cotton Ridge',230),(2527090,'Cotton Valley',230),(2527091,'Cottondale',230),(2527092,'Cottonton',230),(2527093,'Cottontown',230),(2527094,'Cottonville',230),(2527095,'Cottonwood',230),(2527096,'Couch',230),(2527097,'Council Bluff',230),(2527098,'Country Club Acres',230),(2527099,'Country Club Estates',230),(2527100,'Country Club Village',230),(2527101,'Country Estates',230),(2527102,'Country Hills',230),(2527103,'Countryside Estates',230),(2527104,'County Line',230),(2527105,'Courtland',230),(2527106,'Covin',230),(2527107,'Cowarts',230),(2527108,'Cowpens',230),(2527109,'Cox',230),(2527110,'Cox Beach',230),(2527111,'Cox Gap',230),(2527112,'Coxey',230),(2527113,'Coxey Creek Subdivision',230),(2527114,'Coxheath',230),(2527115,'Coxs Landing',230),(2527116,'Coy',230),(2527117,'Cragford',230),(2527118,'Crane Hill',230),(2527119,'Crawford',230),(2527120,'Crawford Fork',230),(2527121,'Creek Stand',230),(2527122,'Creel',230),(2527123,'Creola',230),(2527124,'Crescent Heights',230),(2527125,'Crest',230),(2527126,'Crestline Gardens',230),(2527127,'Crestline Heights',230),(2527128,'Crestline Park',230),(2527129,'Crestview Estates',230),(2527130,'Crestview Gardens',230),(2527131,'Crestview Hills',230),(2527132,'Creswell',230),(2527133,'Crews',230),(2527134,'Crews Mobile Home Park',230),(2527135,'Crewsville',230),(2527136,'Crichton',230),(2527137,'Crockard Junction',230),(2527138,'Crocker Junction',230),(2527139,'Crockertown',230),(2527140,'Cromwell',230),(2527141,'Crooked Oak',230),(2527142,'Cropwell',230),(2527143,'Crosby',230),(2527144,'Cross Key',230),(2527145,'Cross Keys',230),(2527146,'Crossroad',230),(2527147,'Crossroads',230),(2527148,'Crosston',230),(2527149,'Crossville',230),(2527150,'Crowtown',230),(2527151,'Crudup',230),(2527152,'Crumley Chapel',230),(2527153,'Crumptonia',230),(2527154,'Crystal Springs',230),(2527155,'Cuba',230),(2527156,'Culebra',230),(2527157,'Cullman',230),(2527158,'Cullomburg',230),(2527159,'Culpeper',230),(2527160,'Cumbee Mill',230),(2527161,'Cumberland Junction',230),(2527162,'Cunningham',230),(2527163,'Cunningham Landing',230),(2527164,'Curbville',230),(2527165,'Curry',230),(2527166,'Currys',230),(2527167,'Curt',230),(2527168,'Curtis',230),(2527169,'Curtis Crossroads',230),(2527170,'Curtiston',230),(2527171,'Cushion',230),(2527172,'Cusseta',230),(2527173,'Cypress',230),(2527174,'Cypress Heights',230),(2527175,'Cyril',230),(2527176,'D\'Olive',230),(2527177,'Dadeville',230),(2527178,'Daisey City',230),(2527179,'Daisey City Trailer Park',230),(2527180,'Daisy',230),(2527181,'Daleville',230),(2527182,'Dallas',230),(2527183,'Damascus',230),(2527184,'Dancy',230),(2527185,'Danielsville',230),(2527186,'Danleys Crossroads',230),(2527187,'Danville',230),(2527188,'Danway',230),(2527189,'Danzey',230),(2527190,'Daphne',230),(2527191,'Dargin',230),(2527192,'Darling Landing',230),(2527193,'Darlington',230),(2527194,'Darrah',230),(2527195,'Dart',230),(2527196,'Darwin Downs',230),(2527197,'Dauphin Island',230),(2527198,'Davenport',230),(2527199,'Davis Crossroads',230),(2527200,'Davis Hills',230),(2527201,'Davis Landing',230),(2527202,'Davis Subdivision',230),(2527203,'Daviston',230),(2527204,'Davistown',230),(2527205,'Davisville',230),(2527206,'Dawes',230),(2527207,'Dawson',230),(2527208,'Dawsons',230),(2527209,'Dayton',230),(2527210,'DeArmanville',230),(2527211,'DeFoor',230),(2527212,'Deans',230),(2527213,'Deans Landing',230),(2527214,'Deas',230),(2527215,'Deason Hill',230),(2527216,'Deatsville',230),(2527217,'Deavers Town',230),(2527218,'Debardeleben',230),(2527219,'Decatur',230),(2527220,'Decatur Junction',230),(2527221,'Deer Head Cove',230),(2527222,'Deer Park',230),(2527223,'Deerhurst',230),(2527224,'Dees',230),(2527225,'Delchamps',230),(2527226,'Dells Vista Shores',230),(2527227,'Delma',230),(2527228,'Delmar',230),(2527229,'Delta',230),(2527230,'Demopolis',230),(2527231,'Dempsey',230),(2527232,'Denson',230),(2527233,'Denton Acres',230),(2527234,'Denver',230),(2527235,'Deposit',230),(2527236,'Derby',230),(2527237,'Detroit',230),(2527238,'Dewey',230),(2527239,'Dexter',230),(2527240,'Diamond',230),(2527241,'Dickert',230),(2527242,'Dickinson',230),(2527243,'Dill',230),(2527244,'Dillard',230),(2527245,'Dillburg',230),(2527246,'Dilworth',230),(2527247,'Dingler',230),(2527248,'Dixie',230),(2527249,'Dixie Springs',230),(2527250,'Dixon Corner',230),(2527251,'Dixon Shop',230),(2527252,'Dixons Mills',230),(2527253,'Dixonville',230),(2527254,'Docena',230),(2527255,'Docray',230),(2527256,'Dodge City',230),(2527257,'Dog Town',230),(2527258,'Dogtown',230),(2527259,'Dogwood',230),(2527260,'Dogwood Acres',230),(2527261,'Dogwood Estates',230),(2527262,'Dogwood Point',230),(2527263,'Doliska',230),(2527264,'Dollar',230),(2527265,'Dolomite',230),(2527266,'Dolonar',230),(2527267,'Dolonar Junction',230),(2527268,'Dominick',230),(2527269,'Donald',230),(2527270,'Donaldson Mill',230),(2527271,'Doolans',230),(2527272,'Dora',230),(2527273,'Dora Junction',230),(2527274,'Doster',230),(2527275,'Dosterville',230),(2527276,'Dothan',230),(2527277,'Double Bridges',230),(2527278,'Double Springs',230),(2527279,'Doublehead',230),(2527280,'Douglas',230),(2527281,'Douglasville',230),(2527282,'Dove',230),(2527283,'Dovertown',230),(2527284,'Dowdle',230),(2527285,'Downs',230),(2527286,'Doyle',230),(2527287,'Dozier',230),(2527288,'Drewry',230),(2527289,'Drifton',230),(2527290,'Driftwood',230),(2527291,'Dripping Springs',230),(2527292,'Drummond',230),(2527293,'Dry Forks',230),(2527294,'Dry Valley',230),(2527295,'Dublin',230),(2527296,'Duck Springs',230),(2527297,'Dudley',230),(2527298,'Dudleys',230),(2527299,'Dudleyville',230),(2527300,'Duff Settlement',230),(2527301,'Dug Hill',230),(2527302,'Duke',230),(2527303,'Duketon',230),(2527304,'Dunavant',230),(2527305,'Dunbar',230),(2527306,'Dunbarton Oaks',230),(2527307,'Duncan',230),(2527308,'Duncan Crossroads',230),(2527309,'Duncanville',230),(2527310,'Dundee',230),(2527311,'Dunn',230),(2527312,'Dunns',230),(2527313,'Dunrowin',230),(2527314,'Dupree',230),(2527315,'Dutton',230),(2527316,'Duvall',230),(2527317,'Dwight',230),(2527318,'Dyas',230),(2527319,'Dyers Crossroads',230),(2527320,'Dykes Crossroad',230),(2527321,'Eady City',230),(2527322,'Eagle',230),(2527323,'Eagle Creek',230),(2527324,'Eagle Ridge',230),(2527325,'Earlville',230),(2527326,'Earlytown',230),(2527327,'Easley',230),(2527328,'East Bend',230),(2527329,'East Birmingham',230),(2527330,'East Boyles',230),(2527331,'East Brewton',230),(2527332,'East Brighton',230),(2527333,'East Brookwood',230),(2527334,'East Centreville',230),(2527335,'East Chapman',230),(2527336,'East Florence',230),(2527337,'East Gadsden',230),(2527338,'East Gate Estates',230),(2527339,'East Hampton',230),(2527340,'East Haven',230),(2527341,'East Irondale',230),(2527342,'East Killen',230),(2527343,'East Lake',230),(2527344,'East Limestone',230),(2527345,'East Mill',230),(2527346,'East Point',230),(2527347,'East Port Landing',230),(2527348,'East Saginaw',230),(2527349,'East Sheffield',230),(2527350,'East Thomas',230),(2527351,'East Thomas Gardens',230),(2527352,'East Town',230),(2527353,'Eastaboga',230),(2527354,'Eastern Valley',230),(2527355,'Easton',230),(2527356,'Eastwood',230),(2527357,'Echo',230),(2527358,'Echo Hills',230),(2527359,'Echola',230),(2527360,'Echols Crossroads',230),(2527361,'Echols Hill',230),(2527362,'Eclectic',230),(2527363,'Eddings Town',230),(2527364,'Eddy',230),(2527365,'Eden',230),(2527366,'Eden Ridge',230),(2527367,'Edgefield',230),(2527368,'Edgemont',230),(2527369,'Edgemont Park',230),(2527370,'Edgemoor Estates',230),(2527371,'Edgewater',230),(2527372,'Edgewater Junction',230),(2527373,'Edgewood',230),(2527374,'Edgewood Mobile Home Park',230),(2527375,'Edgil',230),(2527376,'Edmond',230),(2527377,'Edmonton Heights',230),(2527378,'Edna',230),(2527379,'Edsons',230),(2527380,'Edwardsville',230),(2527381,'Edwin',230),(2527382,'Egypt',230),(2527383,'Eight Mile',230),(2527384,'Eiler',230),(2527385,'Elamville',230),(2527386,'Elba',230),(2527387,'Elberta',230),(2527388,'Eldridge',230),(2527389,'Eleanor',230),(2527390,'Elgin',230),(2527391,'Eliska',230),(2527392,'Eliza',230),(2527393,'Elk Estates',230),(2527394,'Elkmont',230),(2527395,'Elko',230),(2527396,'Elkwood',230),(2527397,'Ellards',230),(2527398,'Ellaville',230),(2527399,'Elliotsville',230),(2527400,'Elliott Crossroads',230),(2527401,'Ellis',230),(2527402,'Ellis Crossroads',230),(2527403,'Ellison Crossroads',230),(2527404,'Ellisville',230),(2527405,'Elm Bluff',230),(2527406,'Elmore',230),(2527407,'Elon',230),(2527408,'Elrath',230),(2527409,'Elrod',230),(2527410,'Elsanor',230),(2527411,'Elvira',230),(2527412,'Elyton',230),(2527413,'Emauhee',230),(2527414,'Embry Bend',230),(2527415,'Embry Crossroads',230),(2527416,'Emco-Listerhill Junction',230),(2527417,'Emelle',230),(2527418,'Emerald Shores',230),(2527419,'Emory',230),(2527420,'Empire',230),(2527421,'Enchanted Hills',230),(2527422,'Englewood',230),(2527423,'English Village',230),(2527424,'Enoe',230),(2527425,'Enon',230),(2527426,'Ensley',230),(2527427,'Ensley Junction',230),(2527428,'Enterprise',230),(2527429,'Eoda',230),(2527430,'Eoline',230),(2527431,'Epes',230),(2527432,'Epworth',230),(2527433,'Equality',230),(2527434,'Erin',230),(2527435,'Erratta',230),(2527436,'Escatawpa',230),(2527437,'Estelle',230),(2527438,'Estes Crossroads',230),(2527439,'Estillfork',230),(2527440,'Estothel',230),(2527441,'Ethelsville',230),(2527442,'Euclid Estates',230),(2527443,'Eufaula',230),(2527444,'Eulaton',230),(2527445,'Eunola',230),(2527446,'Eureka',230),(2527447,'Eureka Landing',230),(2527448,'Eutaw',230),(2527449,'Eva',230),(2527450,'Evansboro',230),(2527451,'Evansville',230),(2527452,'Everglade',230),(2527453,'Evergreen',230),(2527454,'Ewell',230),(2527455,'Ewing',230),(2527456,'Ewing Farms',230),(2527457,'Excel',230),(2527458,'Exie',230),(2527459,'Exmoor',230),(2527460,'Exum',230),(2527461,'Ezell',230),(2527462,'Ezra',230),(2527463,'Fabius',230),(2527464,'Fackler',230),(2527465,'Fadette',230),(2527466,'Failetown',230),(2527467,'Fair Oaks',230),(2527468,'Fair Park',230),(2527469,'Fair View',230),(2527470,'Fairdale',230),(2527471,'Fairfield',230),(2527472,'Fairfield Highlands',230),(2527473,'Fairfield Village',230),(2527474,'Fairford',230),(2527475,'Fairhope',230),(2527476,'Fairlane',230),(2527477,'Fairmount',230),(2527478,'Fairnelson',230),(2527479,'Fairview',230),(2527480,'Fairview West',230),(2527481,'Falakto',230),(2527482,'Falco',230),(2527483,'Falkner',230),(2527484,'Falkville',230),(2527485,'Falliston',230),(2527486,'Falls City',230),(2527487,'Falls Junction',230),(2527488,'Fannings Crossing',230),(2527489,'Farill',230),(2527490,'Farley',230),(2527491,'Farmersville',230),(2527492,'Farmville',230),(2527493,'Farnell',230),(2527494,'Fatama',230),(2527495,'Faunsdale',230),(2527496,'Faustinas',230),(2527497,'Fayette',230),(2527498,'Fayetteville',230),(2527499,'Fays',230),(2527500,'Feddisburg',230),(2527501,'Fenton',230),(2527502,'Ferguson',230),(2527503,'Ferguson Crossroad',230),(2527504,'Fernbank',230),(2527505,'Fernland',230),(2527506,'Fernwood Estates',230),(2527507,'Ferry Shores',230),(2527508,'Fieldstown',230),(2527509,'Finchburg',230),(2527510,'Finley',230),(2527511,'Finley Crossing',230),(2527512,'Fish Pond',230),(2527513,'Fisher Crossroads',230),(2527514,'Fishermans Resort',230),(2527515,'Fishpond',230),(2527516,'Fishtrap',230),(2527517,'Fisk',230),(2527518,'Fitee',230),(2527519,'Fitzgerald Estates',230),(2527520,'Fitzpatrick',230),(2527521,'Five Forks',230),(2527522,'Five Points',230),(2527523,'Five Points East',230),(2527524,'Five Points South',230),(2527525,'Flanders',230),(2527526,'Flat Creek',230),(2527527,'Flat Rock',230),(2527528,'Flat Top',230),(2527529,'Flatwood',230),(2527530,'Flatwoods',230),(2527531,'Fleetwood',230),(2527532,'Fleming Hills',230),(2527533,'Fleming Meadows',230),(2527534,'Flemington Heights',230),(2527535,'Fleta',230),(2527536,'Flint City',230),(2527537,'Flint Hill',230),(2527538,'Flippo Ford',230),(2527539,'Flomaton',230),(2527540,'Floral Crest',230),(2527541,'Florala',230),(2527542,'Florence',230),(2527543,'Florette',230),(2527544,'Flournoys',230),(2527545,'Flower Hill',230),(2527546,'Floyd',230),(2527547,'Flynn Gin Landing',230),(2527548,'Foley',230),(2527549,'Folsom',230),(2527550,'Foots Landing',230),(2527551,'Ford City',230),(2527552,'Fordyce',230),(2527553,'Forest',230),(2527554,'Forest Acres',230),(2527555,'Forest Green',230),(2527556,'Forest Green Park',230),(2527557,'Forest Hill',230),(2527558,'Forest Hills',230),(2527559,'Forest Home',230),(2527560,'Forest Park',230),(2527561,'Forest View Estates',230),(2527562,'Forestdale',230),(2527563,'Forestdale Mobile Home Park',230),(2527564,'Forester',230),(2527565,'Forester Chapel',230),(2527566,'Forkland',230),(2527567,'Forkville',230),(2527568,'Forney',230),(2527569,'Fort Dale',230),(2527570,'Fort Davis',230),(2527571,'Fort Deposit',230),(2527572,'Fort Gaines',230),(2527573,'Fort McDermott',230),(2527574,'Fort Mitchell',230),(2527575,'Fort Morgan',230),(2527576,'Fort Payne',230),(2527577,'Fort Stoddard',230),(2527578,'Foshee',230),(2527579,'Fosheeton',230),(2527580,'Foster Crossroad',230),(2527581,'Foster Crossroads',230),(2527582,'Foster Landing',230),(2527583,'Fosters',230),(2527584,'Fosters Mill',230),(2527585,'Fostoria',230),(2527586,'Fountain',230),(2527587,'Fountain Heights',230),(2527588,'Four Mile',230),(2527589,'Four Point',230),(2527590,'Fourmile',230),(2527591,'Fowl River',230),(2527592,'Fowler',230),(2527593,'Fowler Spring',230),(2527594,'Fowlers Crossroads',230),(2527595,'Fox Trace',230),(2527596,'Frances Heights',230),(2527597,'Francis',230),(2527598,'Francisco',230),(2527599,'Frankfort',230),(2527600,'Franklin',230),(2527601,'Franklin Ford',230),(2527602,'Franklin Gardens',230),(2527603,'Frankville',230),(2527604,'Fredonia',230),(2527605,'Freeman Acres',230),(2527606,'Freemanville',230),(2527607,'Freetown',230),(2527608,'Fremont',230),(2527609,'French Mill',230),(2527610,'Frenchtown',230),(2527611,'Fridays Crossing',230),(2527612,'Friendship',230),(2527613,'Frisco',230),(2527614,'Frisco City',230),(2527615,'Frisco Quarters',230),(2527616,'Frog Eye',230),(2527617,'Frog Mountain',230),(2527618,'Fruitdale',230),(2527619,'Fruithurst',230),(2527620,'Fuller',230),(2527621,'Fuller Crossroad',230),(2527622,'Fullers Crossroads',230),(2527623,'Fullerton',230),(2527624,'Fulton',230),(2527625,'Fulton Bridge',230),(2527626,'Fulton Springs',230),(2527627,'Fultondale',230),(2527628,'Furman',230),(2527629,'Fyffe',230),(2527630,'Gable Cove',230),(2527631,'Gadsden',230),(2527632,'Gage',230),(2527633,'Gainestown',230),(2527634,'Gainestown Landing',230),(2527635,'Gainesville',230),(2527636,'Gaino',230),(2527637,'Gallant',230),(2527638,'Gallion',230),(2527639,'Galloway Landing',230),(2527640,'Gallups Crossroads',230),(2527641,'Gamble',230),(2527642,'Ganer',230),(2527643,'Gann Crossroad',230),(2527644,'Gantt',230),(2527645,'Gantts Junction',230),(2527646,'Gantts Quarry',230),(2527647,'Gap of the Mountain',230),(2527648,'Garden',230),(2527649,'Garden City',230),(2527650,'Gardendale',230),(2527651,'Gardiners Gin',230),(2527652,'Garland',230),(2527653,'Garmon Crossroads',230),(2527654,'Garnersville',230),(2527655,'Garnsey',230),(2527656,'Garnsey Number 2',230),(2527657,'Garretts Crossroads',230),(2527658,'Garth',230),(2527659,'Gary Springs',230),(2527660,'Garywood',230),(2527661,'Gasque',230),(2527662,'Gaston',230),(2527663,'Gastonburg',230),(2527664,'Gate City',230),(2527665,'Gateswood',230),(2527666,'Gauldinville',230),(2527667,'Gaylesville',230),(2527668,'Gayosa',230),(2527669,'Geiger',230),(2527670,'Genery',230),(2527671,'Geneva',230),(2527672,'Georgetown',230),(2527673,'Georgia',230),(2527674,'Georgiana',230),(2527675,'Georgiaville',230),(2527676,'Gerald',230),(2527677,'Geraldine',230),(2527678,'German Crossing',230),(2527679,'German Ford',230),(2527680,'Germania',230),(2527681,'Gibson',230),(2527682,'Gibson Crossroads',230),(2527683,'Gibsonville',230),(2527684,'Gilbert',230),(2527685,'Gilbert Crossroads',230),(2527686,'Gilbertown',230),(2527687,'Giles',230),(2527688,'Gilmore',230),(2527689,'Gilmore Quarters',230),(2527690,'Gipsy',230),(2527691,'Girard',230),(2527692,'Glades',230),(2527693,'Gladstone',230),(2527694,'Gladys Landing',230),(2527695,'Glasgow',230),(2527696,'Glasgow Corner',230),(2527697,'Glass',230),(2527698,'Glen Allen',230),(2527699,'Glen Carbon',230),(2527700,'Glen City',230),(2527701,'Glen Hills',230),(2527702,'Glen Mary',230),(2527703,'Glen Oaks',230),(2527704,'Glencoe',230),(2527705,'Glendale',230),(2527706,'Glendale Acres',230),(2527707,'Glenview',230),(2527708,'Glenville',230),(2527709,'Glenwood',230),(2527710,'Glover',230),(2527711,'Gnatville',230),(2527712,'Gobblers Crossing',230),(2527713,'Goddard',230),(2527714,'Godwin Estates',230),(2527715,'Gold Branch',230),(2527716,'Gold Hill',230),(2527717,'Gold Mine',230),(2527718,'Gold Ridge',230),(2527719,'Golddust',230),(2527720,'Golden Springs',230),(2527721,'Goldville',230),(2527722,'Gonce',230),(2527723,'Good Hope',230),(2527724,'Good Springs',230),(2527725,'Goodman',230),(2527726,'Goodson',230),(2527727,'Goodsprings',230),(2527728,'Goodwater',230),(2527729,'Goodway',230),(2527730,'Goodwins Mill',230),(2527731,'Goodwyn',230),(2527732,'Goodyear',230),(2527733,'Gordo',230),(2527734,'Gordon',230),(2527735,'Gordon Heights',230),(2527736,'Gordon Landing',230),(2527737,'Gordonsville',230),(2527738,'Gorgas',230),(2527739,'Gosa',230),(2527740,'Goshen',230),(2527741,'Gosport',230),(2527742,'Gosport Landing',230),(2527743,'Gourdsville',230),(2527744,'Graball',230),(2527745,'Grace',230),(2527746,'Grady',230),(2527747,'Graham',230),(2527748,'Grand Acres',230),(2527749,'Grand Bay',230),(2527750,'Grandberry Crossroads',230),(2527751,'Grandview',230),(2527752,'Grangeburg',230),(2527753,'Grant',230),(2527754,'Grant Town',230),(2527755,'Grantley',230),(2527756,'Grants Mill',230),(2527757,'Grasmere',230),(2527758,'Grasselli',230),(2527759,'Grassland',230),(2527760,'Grassy',230),(2527761,'Gravel Hill',230),(2527762,'Gravelly Springs',230),(2527763,'Gray Hill',230),(2527764,'Graymont',230),(2527765,'Grayson',230),(2527766,'Grayson Valley',230),(2527767,'Graystone',230),(2527768,'Graysville',230),(2527769,'Grayton',230),(2527770,'Green Acres',230),(2527771,'Green Acres Estates',230),(2527772,'Green Bay',230),(2527773,'Green Hill',230),(2527774,'Green Pond',230),(2527775,'Green Street',230),(2527776,'Greenbrier',230),(2527777,'Greenfield',230),(2527778,'Greenleas Heights',230),(2527779,'Greens Crossroads',230),(2527780,'Greensboro',230),(2527781,'Greenville',230),(2527782,'Greenwood',230),(2527783,'Greenwycke Village',230),(2527784,'Greer',230),(2527785,'Griffen Mill',230),(2527786,'Griffin Addition',230),(2527787,'Griffin Heights',230),(2527788,'Griffitts Lake Shore Subdivision',230),(2527789,'Grimes',230),(2527790,'Grove Hill',230),(2527791,'Grove Oak',230),(2527792,'Grove Park',230),(2527793,'Grover',230),(2527794,'Gu-Win',230),(2527795,'Guerryton',230),(2527796,'Guest',230),(2527797,'Guin',230),(2527798,'Guinea',230),(2527799,'Guinn Cross Roads',230),(2527800,'Gulf Highlands',230),(2527801,'Gulf Shores',230),(2527802,'Gulfcrest',230),(2527803,'Gum Spring',230),(2527804,'Gum Springs',230),(2527805,'Gumbud',230),(2527806,'Guntersville',230),(2527807,'Gunthertown',230),(2527808,'Gurley',230),(2527809,'Gurnee',230),(2527810,'Gurnee Junction',230),(2527811,'Guthery Crossroads',230),(2527812,'Hackleburg',230),(2527813,'Hackneyville',230),(2527814,'Hacoda',230),(2527815,'Haden',230),(2527816,'Hagler',230),(2527817,'Halawaka',230),(2527818,'Haleburg',230),(2527819,'Haleyville',230),(2527820,'Half Acre',230),(2527821,'Half Chance',230),(2527822,'Hall Creek',230),(2527823,'Hall Grove',230),(2527824,'Hall Valley',230),(2527825,'Hallingworth',230),(2527826,'Halls Chapel',230),(2527827,'Halls Crossroads',230),(2527828,'Hallsville',230),(2527829,'Halltown',230),(2527830,'Halsell',230),(2527831,'Halso Mill',230),(2527832,'Hamburg',230),(2527833,'Hamilton',230),(2527834,'Hamilton Crossroads',230),(2527835,'Hammac',230),(2527836,'Hammondville',230),(2527837,'Hamner',230),(2527838,'Hamner Estates',230),(2527839,'Hampden',230),(2527840,'Hampton',230),(2527841,'Hanceville',230),(2527842,'Hancock Crossroads',230),(2527843,'Hannah',230),(2527844,'Hannon',230),(2527845,'Hanover',230),(2527846,'Happy Hill',230),(2527847,'Happy Hollow',230),(2527848,'Hardaway',230),(2527849,'Hardwick',230),(2527850,'Hardwickburg',230),(2527851,'Hardy',230),(2527852,'Harkins Crossroads',230),(2527853,'Harkness Crossroads',230),(2527854,'Harlem Heights',230),(2527855,'Harmon',230),(2527856,'Harmon Crossroads',230),(2527857,'Harmony',230),(2527858,'Harper Hill',230),(2527859,'Harpers Store',230),(2527860,'Harpersville',230),(2527861,'Harrell',230),(2527862,'Harriman Park',230),(2527863,'Harris',230),(2527864,'Harris Station',230),(2527865,'Harrisburg',230),(2527866,'Harrisville',230),(2527867,'Harrogate Springs',230),(2527868,'Hartford',230),(2527869,'Hartselle',230),(2527870,'Harvest',230),(2527871,'Harwood Heights',230),(2527872,'Hatchechubbee',230),(2527873,'Hatchet',230),(2527874,'Hatchet Creek',230),(2527875,'Hatters',230),(2527876,'Hatton',230),(2527877,'Havana',230),(2527878,'Hawk',230),(2527879,'Hawk Pride',230),(2527880,'Hawkins Ford',230),(2527881,'Hawkinsville',230),(2527882,'Hawthorn',230),(2527883,'Hayden',230),(2527884,'Hayes',230),(2527885,'Hayes Crossing',230),(2527886,'Hayes Highland',230),(2527887,'Haynes',230),(2527888,'Haynes Crossing',230),(2527889,'Haynes Crossroad',230),(2527890,'Hayneville',230),(2527891,'Hays Ford',230),(2527892,'Hays Mill',230),(2527893,'Haysland Estates',230),(2527894,'Haywood',230),(2527895,'Hazel Green',230),(2527896,'Hazen',230),(2527897,'Headland',230),(2527898,'Healing Springs',230),(2527899,'Heath',230),(2527900,'Heatherwood',230),(2527901,'Hebron',230),(2527902,'Hector',230),(2527903,'Heflin',230),(2527904,'Heiberger',230),(2527905,'Helena',230),(2527906,'Helicon',230),(2527907,'Henagar',230),(2527908,'Henderson',230),(2527909,'Hendrick Mill',230),(2527910,'Hendrix',230),(2527911,'Hendrixville',230),(2527912,'Henryville',230),(2527913,'Henson Springs',230),(2527914,'Hephzibah',230),(2527915,'Hepsidam',230),(2527916,'Hepzibah',230),(2527917,'Herbert',230),(2527918,'Heritage Oaks',230),(2527919,'Heron Bay',230),(2527920,'Hester Heights',230),(2527921,'Hestle',230),(2527922,'Hickory',230),(2527923,'Hickory Grove',230),(2527924,'Hickory Hills',230),(2527925,'Hickory Ridge',230),(2527926,'Hickory Ridge Estates',230),(2527927,'Hicks',230),(2527928,'Hicks Hill',230),(2527929,'Hidden Valley',230),(2527930,'Hide Away Acres',230),(2527931,'Hideaway Hills',230),(2527932,'Higdon',230),(2527933,'High Bluff',230),(2527934,'High Level',230),(2527935,'High Pine',230),(2527936,'High Point',230),(2527937,'High Ridge',230),(2527938,'High Rock',230),(2527939,'High Shoals',230),(2527940,'Highfalls',230),(2527941,'Highland',230),(2527942,'Highland Crest',230),(2527943,'Highland Home',230),(2527944,'Highland Lake',230),(2527945,'Highlands',230),(2527946,'Highmound',230),(2527947,'Highnote',230),(2527948,'Hightogy',230),(2527949,'Hightower',230),(2527950,'Highview',230),(2527951,'Hill Number 1',230),(2527952,'Hill Number 2',230),(2527953,'Hill Top',230),(2527954,'Hillandale',230),(2527955,'Hillcrest',230),(2527956,'Hillcrest Estates',230),(2527957,'Hilliard',230),(2527958,'Hillman',230),(2527959,'Hillman Gardens',230),(2527960,'Hillman Park',230),(2527961,'Hillsboro',230),(2527962,'Hillsdale',230),(2527963,'Hilltop',230),(2527964,'Hillview',230),(2527965,'Hillwood',230),(2527966,'Hines',230),(2527967,'Hinton',230),(2527968,'Hirsch',230),(2527969,'Hissop',230),(2527970,'Hixon',230),(2527971,'Hoagtown',230),(2527972,'Hobbie Farm',230),(2527973,'Hobbs Island',230),(2527974,'Hobdy',230),(2527975,'Hobgood',230),(2527976,'Hoboken',230),(2527977,'Hobson',230),(2527978,'Hobson City',230),(2527979,'Hodge',230),(2527980,'Hodges',230),(2527981,'Hodgesville',230),(2527982,'Hodgewood',230),(2527983,'Hog Jaw',230),(2527984,'Hogglesville',230),(2527985,'Hokes Bluff',230),(2527986,'Holiday Gardens',230),(2527987,'Holiday Park Estates',230),(2527988,'Holiday Village',230),(2527989,'Holland Gin',230),(2527990,'Holley Crossroads',230),(2527991,'Holley Store',230),(2527992,'Hollingsworth',230),(2527993,'Hollins',230),(2527994,'Hollis Crossroads',230),(2527995,'Holloway',230),(2527996,'Holly Grove',230),(2527997,'Holly Hills',230),(2527998,'Holly Pond',230),(2527999,'Holly Springs',230),(2528000,'Hollytree',230),(2528001,'Hollywood',230),(2528002,'Holman',230),(2528003,'Holman Crossroads',230),(2528004,'Holt',230),(2528005,'Holtville',230),(2528006,'Holy Trinity',230),(2528007,'Homestead',230),(2528008,'Homewood',230),(2528009,'Honoraville',230),(2528010,'Hood',230),(2528011,'Hoods Crossroads',230),(2528012,'Hooks',230),(2528013,'Hooks Crossroads',230),(2528014,'Hooper City',230),(2528015,'Hoover',230),(2528016,'Hope Hull',230),(2528017,'Hopeful',230),(2528018,'Hopewell',230),(2528019,'Hopkins',230),(2528020,'Hopper',230),(2528021,'Horn Hill',230),(2528022,'Hornady',230),(2528023,'Hornsbytown',230),(2528024,'Horton',230),(2528025,'Hortons Mill',230),(2528026,'Hotamville',230),(2528027,'Houston',230),(2528028,'Houston Corner',230),(2528029,'Houstontown',230),(2528030,'Houstonville',230),(2528031,'Howard',230),(2528032,'Howard Landing',230),(2528033,'Howe',230),(2528034,'Howells',230),(2528035,'Howells Cove',230),(2528036,'Howells Crossroads',230),(2528037,'Howelton',230),(2528038,'Howton',230),(2528039,'Hubbard',230),(2528040,'Hubbard Landing',230),(2528041,'Hubbertville',230),(2528042,'Huckaville',230),(2528043,'Hudson Gardens',230),(2528044,'Hudson Grove',230),(2528045,'Hudson Settlement',230),(2528046,'Hueytown',230),(2528047,'Hueytown Crest',230),(2528048,'Huffman',230),(2528049,'Huffman Gardens',230),(2528050,'Hughes Mill',230),(2528051,'Hugley',230),(2528052,'Hugo',230),(2528053,'Huguley',230),(2528054,'Hulaco',230),(2528055,'Hull',230),(2528056,'Humoro',230),(2528057,'Humpton',230),(2528058,'Hundred Oaks',230),(2528059,'Hunter',230),(2528060,'Huntsville',230),(2528061,'Huntsville Park',230),(2528062,'Hurley',230),(2528063,'Hurricane',230),(2528064,'Hurtsboro',230),(2528065,'Hustleville',230),(2528066,'Huxford',230),(2528067,'Hyatt',230),(2528068,'Hybart',230),(2528069,'Hycutt',230),(2528070,'Hyde Park',230),(2528071,'Hyram',230),(2528072,'Hytop',230),(2528073,'Ider',230),(2528074,'Incline',230),(2528075,'Independence',230),(2528076,'Indian Hill',230),(2528077,'Indian Shoals',230),(2528078,'Indian Springs',230),(2528079,'Indian Springs Village',230),(2528080,'Industrial City',230),(2528081,'Industry',230),(2528082,'Ingate',230),(2528083,'Ingle Terrace',230),(2528084,'Inglenook',230),(2528085,'Ingram',230),(2528086,'Ingram Wells',230),(2528087,'Inland Junction',230),(2528088,'Inmanfield',230),(2528089,'Innsbrooke',230),(2528090,'Ino',230),(2528091,'Intercourse',230),(2528092,'Interurban Heights',230),(2528093,'Inverness',230),(2528094,'Inverness Cliffs',230),(2528095,'Inverness Point',230),(2528096,'Iron City',230),(2528097,'Ironaton',230),(2528098,'Irondale',230),(2528099,'Ironville',230),(2528100,'Irvington',230),(2528101,'Isabella',230),(2528102,'Isbell',230),(2528103,'Ishkooda',230),(2528104,'Island Landing',230),(2528105,'Isney',230),(2528106,'Italian Town',230),(2528107,'Ivalee',230),(2528108,'Ivanhoe',230),(2528109,'Ivy Creek',230),(2528110,'Jachin',230),(2528111,'Jack',230),(2528112,'Jack Springs',230),(2528113,'Jackson',230),(2528114,'Jackson Heights',230),(2528115,'Jackson Oak',230),(2528116,'Jackson Quarters',230),(2528117,'Jackson Spur',230),(2528118,'Jacksonburg',230),(2528119,'Jacksons Gap',230),(2528120,'Jacksons Lake',230),(2528121,'Jacksonville',230),(2528122,'Jamback',230),(2528123,'James',230),(2528124,'Jamestown',230),(2528125,'Jamesville',230),(2528126,'Janes Mill',230),(2528127,'Jasper',230),(2528128,'Java',230),(2528129,'Jay Villa',230),(2528130,'Jeddo',230),(2528131,'Jeff',230),(2528132,'Jefferson',230),(2528133,'Jefferson Hills',230),(2528134,'Jefferson Park',230),(2528135,'Jemison',230),(2528136,'Jena',230),(2528137,'Jenifer',230),(2528138,'Jenkins',230),(2528139,'Jenkins Crossroads',230),(2528140,'Jericho',230),(2528141,'Jernigan',230),(2528142,'Jerusalem',230),(2528143,'Jesseton',230),(2528144,'Jester',230),(2528145,'Jet',230),(2528146,'Joffre',230),(2528147,'Johns',230),(2528148,'Johnson',230),(2528149,'Johnson Crossroads',230),(2528150,'Johnson Landing',230),(2528151,'Johnsons Crossing',230),(2528152,'Johnsons Mill',230),(2528153,'Johnsonville',230),(2528154,'Johnstown',230),(2528155,'Joinertown',230),(2528156,'Jon',230),(2528157,'Jones',230),(2528158,'Jones Chapel',230),(2528159,'Jones Crossroads',230),(2528160,'Jones Mill',230),(2528161,'Jones Valley',230),(2528162,'Jones Valley Estates',230),(2528163,'Jonesboro',230),(2528164,'Jonesview',230),(2528165,'Jonesville',230),(2528166,'Jonny Smith Subdivision',230),(2528167,'Joppa',230),(2528168,'Joquin',230),(2528169,'Jordan',230),(2528170,'Jordan Chapel',230),(2528171,'Jordans Mill',230),(2528172,'Joseph Springs',230),(2528173,'Josephine',230),(2528174,'Josie',230),(2528175,'Joy',230),(2528176,'Judson',230),(2528177,'Jumbo',230),(2528178,'Kahatchee',230),(2528179,'Kalem',230),(2528180,'Kalona',230),(2528181,'Kansas',230),(2528182,'Kaolin',230),(2528183,'Kaylor',230),(2528184,'Keego',230),(2528185,'Keener',230),(2528186,'Keith',230),(2528187,'Kellar Quarry Landing',230),(2528188,'Kellerman',230),(2528189,'Kelly',230),(2528190,'Kelly Springs',230),(2528191,'Kellys Crossroads',230),(2528192,'Kellyton',230),(2528193,'Kendall Crossroads',230),(2528194,'Kennedy',230),(2528195,'Kent',230),(2528196,'Kentuck',230),(2528197,'Kershaw',230),(2528198,'Ketona',230),(2528199,'Kewahatchie',230),(2528200,'Key',230),(2528201,'Key Hill',230),(2528202,'Keyno',230),(2528203,'Keys Mill',230),(2528204,'Keysburg',230),(2528205,'Keystone',230),(2528206,'Keyton',230),(2528207,'Keytons',230),(2528208,'Kid',230),(2528209,'Kilby',230),(2528210,'Kilgore',230),(2528211,'Killen',230),(2528212,'Killian Mill',230),(2528213,'Killough Springs',230),(2528214,'Kilpatrick',230),(2528215,'Kimberly',230),(2528216,'Kimbrell',230),(2528217,'Kimbrough',230),(2528218,'Kimbrough Crossroads',230),(2528219,'Kincheon',230),(2528220,'Kingdom Crossroads',230),(2528221,'Kings',230),(2528222,'Kings Chapel',230),(2528223,'Kings Landing',230),(2528224,'Kings Log Landing',230),(2528225,'Kings Mill',230),(2528226,'Kingston',230),(2528227,'Kingsway Terrace',230),(2528228,'Kingtown',230),(2528229,'Kingville',230),(2528230,'Kinsey',230),(2528231,'Kinston',230),(2528232,'Kinterbish',230),(2528233,'Kiowa',230),(2528234,'Kirbytown',230),(2528235,'Kirewakra',230),(2528236,'Kirk',230),(2528237,'Kirkland',230),(2528238,'Kirklands Crossroads',230),(2528239,'Kirkpatrick Landing',230),(2528240,'Kirks Grove',230),(2528241,'Kitchens Mill',230),(2528242,'Klein',230),(2528243,'Klondike',230),(2528244,'Knightens Crossroads',230),(2528245,'Knoxville',230),(2528246,'Knoxwood',230),(2528247,'Koenton',230),(2528248,'Kowaliga',230),(2528249,'Kushla',230),(2528250,'Kyles',230),(2528251,'Kymulga',230),(2528252,'Kyuka',230),(2528253,'La Place',230),(2528254,'Labuco',230),(2528255,'Laceys Chapel',230),(2528256,'Laceys Spring',230),(2528257,'Lacon',230),(2528258,'Ladiga',230),(2528259,'Ladonia',230),(2528260,'Lafayette',230),(2528261,'Lake Bend Landing',230),(2528262,'Lake Coves',230),(2528263,'Lake Drive Estates',230),(2528264,'Lake Highlands',230),(2528265,'Lake Howard',230),(2528266,'Lake Joy',230),(2528267,'Lake Purdy',230),(2528268,'Lake Robinwood Subdivision',230),(2528269,'Lake Shore Estates',230),(2528270,'Lake Shore Subdivision',230),(2528271,'Lake View',230),(2528272,'Lakeside Acres',230),(2528273,'Lakeside Highlands',230),(2528274,'Lakeview',230),(2528275,'Lakeview Estates',230),(2528276,'Lakeview Highlands',230),(2528277,'Lakeview Park',230),(2528278,'Lakewood',230),(2528279,'Lakewood Estate',230),(2528280,'Lakewood Estates',230),(2547888,'New York',230),(2556939,'Chicago',230);
/*!40000 ALTER TABLE `cities` ENABLE KEYS */;
UNLOCK TABLES;

--
-- Table structure for table `countries`
--

DROP TABLE IF EXISTS `countries`;
/*!40101 SET @saved_cs_client     = @@character_set_client */;
/*!50503 SET character_set_client = utf8mb4 */;
CREATE TABLE `countries` (
  `id` smallint(5) unsigned NOT NULL AUTO_INCREMENT,
  `name` varchar(255) NOT NULL,
  `code` varchar(10) NOT NULL,
  PRIMARY KEY (`id`),
  UNIQUE KEY `name` (`name`)
) ENGINE=InnoDB AUTO_INCREMENT=231 DEFAULT CHARSET=utf8mb4 COLLATE=utf8mb4_0900_ai_ci;
/*!40101 SET character_set_client = @saved_cs_client */;

--
-- Dumping data for table `countries`
--

LOCK TABLES `countries` WRITE;
/*!40000 ALTER TABLE `countries` DISABLE KEYS */;
INSERT INTO `countries` VALUES (1,'Andorra','ad'),(2,'United Arab Emirates','ae'),(3,'Afghanistan','af'),(4,'Antigua and Barbuda','ag'),(5,'Anguilla','ai'),(6,'Albania','al'),(7,'Armenia','am'),(8,'Netherlands Antilles','an'),(9,'Angola','ao'),(10,'Argentina','ar'),(11,'Austria','at'),(12,'Australia','au'),(13,'Aruba','aw'),(14,'Azerbaijan','az'),(15,'Bosnia and Herzegovina','ba'),(16,'Barbados','bb'),(17,'Bangladesh','bd'),(18,'Belgium','be'),(19,'Burkina Faso','bf'),(20,'Bulgaria','bg'),(21,'Bahrain','bh'),(22,'Burundi','bi'),(23,'Benin','bj'),(24,'Bermuda','bm'),(25,'Brunei Darussalam','bn'),(26,'Bolivia','bo'),(27,'Brazil','br'),(28,'Bahamas','bs'),(29,'Bhutan','bt'),(30,'Botswana','bw'),(31,'Belarus','by'),(32,'Belize','bz'),(33,'Canada','ca'),(34,'Cocos (Keeling) Islands','cc'),(35,'Democratic Republic of the Congo','cd'),(36,'Central African Republic','cf'),(37,'Congo','cg'),(38,'Switzerland','ch'),(39,'Cote D\'Ivoire (Ivory Coast)','ci'),(40,'Cook Islands','ck'),(41,'Chile','cl'),(42,'Cameroon','cm'),(43,'China','cn'),(44,'Colombia','co'),(45,'Costa Rica','cr'),(46,'Cuba','cu'),(47,'Cape Verde','cv'),(48,'Christmas Island','cx'),(49,'Cyprus','cy'),(50,'Czech Republic','cz'),(51,'Germany','de'),(52,'Djibouti','dj'),(53,'Denmark','dk'),(54,'Dominica','dm'),(55,'Dominican Republic','do'),(56,'Algeria','dz'),(57,'Ecuador','ec'),(58,'Estonia','ee'),(59,'Egypt','eg'),(60,'Western Sahara','eh'),(61,'Eritrea','er'),(62,'Spain','es'),(63,'Ethiopia','et'),(64,'Finland','fi'),(65,'Fiji','fj'),(66,'Falkland Islands (Malvinas)','fk'),(67,'Federated States of Micronesia','fm'),(68,'Faroe Islands','fo'),(69,'France','fr'),(70,'Gabon','ga'),(71,'Great Britain (UK)','gb'),(72,'Grenada','gd'),(73,'Georgia','ge'),(74,'French Guiana','gf'),(75,'NULL','gg'),(76,'Ghana','gh'),(77,'Gibraltar','gi'),(78,'Greenland','gl'),(79,'Gambia','gm'),(80,'Guinea','gn'),(81,'Guadeloupe','gp'),(82,'Equatorial Guinea','gq'),(83,'Greece','gr'),(84,'S. Georgia and S. Sandwich Islands','gs'),(85,'Guatemala','gt'),(86,'Guinea-Bissau','gw'),(87,'Guyana','gy'),(88,'Hong Kong','hk'),(89,'Honduras','hn'),(90,'Croatia (Hrvatska)','hr'),(91,'Haiti','ht'),(92,'Hungary','hu'),(93,'Indonesia','id'),(94,'Ireland','ie'),(95,'Israel','il'),(96,'India','in'),(97,'Iraq','iq'),(98,'Iran','ir'),(99,'Iceland','is'),(100,'Italy','it'),(101,'Jamaica','jm'),(102,'Jordan','jo'),(103,'Japan','jp'),(104,'Kenya','ke'),(105,'Kyrgyzstan','kg'),(106,'Cambodia','kh'),(107,'Kiribati','ki'),(108,'Comoros','km'),(109,'Saint Kitts and Nevis','kn'),(110,'Korea (North)','kp'),(111,'Korea (South)','kr'),(112,'Kuwait','kw'),(113,'Cayman Islands','ky'),(114,'Kazakhstan','kz'),(115,'Laos','la'),(116,'Lebanon','lb'),(117,'Saint Lucia','lc'),(118,'Liechtenstein','li'),(119,'Sri Lanka','lk'),(120,'Liberia','lr'),(121,'Lesotho','ls'),(122,'Lithuania','lt'),(123,'Luxembourg','lu'),(124,'Latvia','lv'),(125,'Libya','ly'),(126,'Morocco','ma'),(127,'Monaco','mc'),(128,'Moldova','md'),(129,'Madagascar','mg'),(130,'Marshall Islands','mh'),(131,'Macedonia','mk'),(132,'Mali','ml'),(133,'Myanmar','mm'),(134,'Mongolia','mn'),(135,'Macao','mo'),(136,'Northern Mariana Islands','mp'),(137,'Martinique','mq'),(138,'Mauritania','mr'),(139,'Montserrat','ms'),(140,'Malta','mt'),(141,'Mauritius','mu'),(142,'Maldives','mv'),(143,'Malawi','mw'),(144,'Mexico','mx'),(145,'Malaysia','my'),(146,'Mozambique','mz'),(147,'Namibia','na'),(148,'New Caledonia','nc'),(149,'Niger','ne'),(150,'Norfolk Island','nf'),(151,'Nigeria','ng'),(152,'Nicaragua','ni'),(153,'Netherlands','nl'),(154,'Norway','no'),(155,'Nepal','np'),(156,'Nauru','nr'),(157,'Niue','nu'),(158,'New Zealand (Aotearoa)','nz'),(159,'Oman','om'),(160,'Panama','pa'),(161,'Peru','pe'),(162,'French Polynesia','pf'),(163,'Papua New Guinea','pg'),(164,'Philippines','ph'),(165,'Pakistan','pk'),(166,'Poland','pl'),(167,'Saint Pierre and Miquelon','pm'),(168,'Pitcairn','pn'),(169,'Palestinian Territory','ps'),(170,'Portugal','pt'),(171,'Palau','pw'),(172,'Paraguay','py'),(173,'Qatar','qa'),(174,'Reunion','re'),(175,'Romania','ro'),(176,'Russian Federation','ru'),(177,'Rwanda','rw'),(178,'Saudi Arabia','sa'),(179,'Solomon Islands','sb'),(180,'Seychelles','sc'),(181,'Sudan','sd'),(182,'Sweden','se'),(183,'Singapore','sg'),(184,'Saint Helena','sh'),(185,'Slovenia','si'),(186,'Svalbard and Jan Mayen','sj'),(187,'Slovakia','sk'),(188,'Sierra Leone','sl'),(189,'San Marino','sm'),(190,'Senegal','sn'),(191,'Somalia','so'),(192,'Suriname','sr'),(193,'Sao Tome and Principe','st'),(194,'El Salvador','sv'),(195,'Syria','sy'),(196,'Swaziland','sz'),(197,'Turks and Caicos Islands','tc'),(198,'Chad','td'),(199,'French Southern Territories','tf'),(200,'Togo','tg'),(201,'Thailand','th'),(202,'Tajikistan','tj'),(203,'Tokelau','tk'),(204,'Turkmenistan','tm'),(205,'Tunisia','tn'),(206,'Tonga','to'),(207,'Turkey','tr'),(208,'Trinidad and Tobago','tt'),(209,'Tuvalu','tv'),(210,'Taiwan','tw'),(211,'Tanzania','tz'),(212,'Ukraine','ua'),(213,'Uganda','ug'),(214,'Uruguay','uy'),(215,'Uzbekistan','uz'),(216,'Saint Vincent and the Grenadines','vc'),(217,'Venezuela','ve'),(218,'Virgin Islands (British)','vg'),(219,'Virgin Islands (U.S.)','vi'),(220,'Viet Nam','vn'),(221,'Vanuatu','vu'),(222,'Wallis and Futuna','wf'),(223,'Samoa','ws'),(224,'Yemen','ye'),(225,'Mayotte','yt'),(226,'South Africa','za'),(227,'Zambia','zm'),(228,'Zaire (former)','zr'),(229,'Zimbabwe','zw'),(230,'United States of America','us');
/*!40000 ALTER TABLE `countries` ENABLE KEYS */;
UNLOCK TABLES;

--
-- Table structure for table `forgot_password`
--

DROP TABLE IF EXISTS `forgot_password`;
/*!40101 SET @saved_cs_client     = @@character_set_client */;
/*!50503 SET character_set_client = utf8mb4 */;
CREATE TABLE `forgot_password` (
  `user_id` int(11) unsigned NOT NULL,
  `token` varchar(255) DEFAULT NULL,
  `password` varchar(255) DEFAULT NULL,
  `date` datetime NOT NULL DEFAULT CURRENT_TIMESTAMP,
  PRIMARY KEY (`user_id`),
  CONSTRAINT `fk_forgot_password_users` FOREIGN KEY (`user_id`) REFERENCES `users` (`id`)
) ENGINE=InnoDB DEFAULT CHARSET=utf8mb4 COLLATE=utf8mb4_0900_ai_ci;
/*!40101 SET character_set_client = @saved_cs_client */;

--
-- Dumping data for table `forgot_password`
--

LOCK TABLES `forgot_password` WRITE;
/*!40000 ALTER TABLE `forgot_password` DISABLE KEYS */;
/*!40000 ALTER TABLE `forgot_password` ENABLE KEYS */;
UNLOCK TABLES;

--
-- Table structure for table `images`
--

DROP TABLE IF EXISTS `images`;
/*!40101 SET @saved_cs_client     = @@character_set_client */;
/*!50503 SET character_set_client = utf8mb4 */;
CREATE TABLE `images` (
  `id` int(11) unsigned NOT NULL AUTO_INCREMENT,
  `apartment_id` int(11) unsigned NOT NULL,
  `url` text NOT NULL,
  PRIMARY KEY (`id`),
  KEY `fk_images_apartments` (`apartment_id`),
  CONSTRAINT `fk_images_apartments` FOREIGN KEY (`apartment_id`) REFERENCES `apartments` (`id`)
) ENGINE=InnoDB AUTO_INCREMENT=3 DEFAULT CHARSET=utf8mb4 COLLATE=utf8mb4_0900_ai_ci;
/*!40101 SET character_set_client = @saved_cs_client */;

--
-- Dumping data for table `images`
--

LOCK TABLES `images` WRITE;
/*!40000 ALTER TABLE `images` DISABLE KEYS */;
INSERT INTO `images` VALUES (1,35,'/images/986picture6-a.jpg'),(2,35,'/images/986picture6-b.jpg');
/*!40000 ALTER TABLE `images` ENABLE KEYS */;
UNLOCK TABLES;

--
-- Table structure for table `permissions`
--

DROP TABLE IF EXISTS `permissions`;
/*!40101 SET @saved_cs_client     = @@character_set_client */;
/*!50503 SET character_set_client = utf8mb4 */;
CREATE TABLE `permissions` (
  `id` int(11) unsigned NOT NULL AUTO_INCREMENT,
  `title` varchar(50) NOT NULL,
  PRIMARY KEY (`id`)
) ENGINE=InnoDB AUTO_INCREMENT=5 DEFAULT CHARSET=utf8mb4 COLLATE=utf8mb4_0900_ai_ci;
/*!40101 SET character_set_client = @saved_cs_client */;

--
-- Dumping data for table `permissions`
--

LOCK TABLES `permissions` WRITE;
/*!40000 ALTER TABLE `permissions` DISABLE KEYS */;
INSERT INTO `permissions` VALUES (3,'add_apartment'),(4,'update_apartment');
/*!40000 ALTER TABLE `permissions` ENABLE KEYS */;
UNLOCK TABLES;

--
-- Table structure for table `roles`
--

DROP TABLE IF EXISTS `roles`;
/*!40101 SET @saved_cs_client     = @@character_set_client */;
/*!50503 SET character_set_client = utf8mb4 */;
CREATE TABLE `roles` (
  `id` int(11) unsigned NOT NULL AUTO_INCREMENT,
  `type` enum('admin','user') NOT NULL,
  PRIMARY KEY (`id`)
) ENGINE=InnoDB AUTO_INCREMENT=5 DEFAULT CHARSET=utf8mb4 COLLATE=utf8mb4_0900_ai_ci;
/*!40101 SET character_set_client = @saved_cs_client */;

--
-- Dumping data for table `roles`
--

LOCK TABLES `roles` WRITE;
/*!40000 ALTER TABLE `roles` DISABLE KEYS */;
INSERT INTO `roles` VALUES (3,'admin'),(4,'user');
/*!40000 ALTER TABLE `roles` ENABLE KEYS */;
UNLOCK TABLES;

--
-- Table structure for table `roles_permissions`
--

DROP TABLE IF EXISTS `roles_permissions`;
/*!40101 SET @saved_cs_client     = @@character_set_client */;
/*!50503 SET character_set_client = utf8mb4 */;
CREATE TABLE `roles_permissions` (
  `role_id` int(11) unsigned NOT NULL,
  `permission_id` int(11) unsigned NOT NULL,
  PRIMARY KEY (`role_id`,`permission_id`),
  KEY `fk_roles_permissions_permissions` (`permission_id`),
  CONSTRAINT `fk_roles_permissions_permissions` FOREIGN KEY (`permission_id`) REFERENCES `permissions` (`id`),
  CONSTRAINT `fk_roles_permissions_roles` FOREIGN KEY (`role_id`) REFERENCES `roles` (`id`)
) ENGINE=InnoDB DEFAULT CHARSET=utf8mb4 COLLATE=utf8mb4_0900_ai_ci;
/*!40101 SET character_set_client = @saved_cs_client */;

--
-- Dumping data for table `roles_permissions`
--

LOCK TABLES `roles_permissions` WRITE;
/*!40000 ALTER TABLE `roles_permissions` DISABLE KEYS */;
INSERT INTO `roles_permissions` VALUES (4,3),(3,4),(4,4);
/*!40000 ALTER TABLE `roles_permissions` ENABLE KEYS */;
UNLOCK TABLES;

--
-- Table structure for table `user_status_history`
--

DROP TABLE IF EXISTS `user_status_history`;
/*!40101 SET @saved_cs_client     = @@character_set_client */;
/*!50503 SET character_set_client = utf8mb4 */;
CREATE TABLE `user_status_history` (
  `id` int(11) unsigned NOT NULL AUTO_INCREMENT,
  `user_id` int(11) NOT NULL,
  `label` varchar(15) NOT NULL,
  `description` varchar(250) DEFAULT NULL,
  `date` datetime DEFAULT CURRENT_TIMESTAMP,
  PRIMARY KEY (`id`)
) ENGINE=InnoDB AUTO_INCREMENT=12 DEFAULT CHARSET=utf8mb4 COLLATE=utf8mb4_0900_ai_ci;
/*!40101 SET character_set_client = @saved_cs_client */;

--
-- Dumping data for table `user_status_history`
--

LOCK TABLES `user_status_history` WRITE;
/*!40000 ALTER TABLE `user_status_history` DISABLE KEYS */;
INSERT INTO `user_status_history` VALUES (7,15,'active',NULL,'2020-01-17 15:25:23'),(8,16,'active',NULL,'2020-01-18 13:12:16'),(9,18,'active',NULL,'2020-01-18 13:29:04'),(10,19,'active',NULL,'2020-01-19 13:39:40'),(11,20,'active',NULL,'2020-01-20 11:46:23');
/*!40000 ALTER TABLE `user_status_history` ENABLE KEYS */;
UNLOCK TABLES;

--
-- Table structure for table `users`
--

DROP TABLE IF EXISTS `users`;
/*!40101 SET @saved_cs_client     = @@character_set_client */;
/*!50503 SET character_set_client = utf8mb4 */;
CREATE TABLE `users` (
  `id` int(11) unsigned NOT NULL AUTO_INCREMENT,
  `role_id` int(11) unsigned NOT NULL,
  `first_name` varchar(50) NOT NULL,
  `last_name` varchar(50) DEFAULT NULL,
  `email` varchar(255) NOT NULL,
  `password` varchar(255) NOT NULL,
  `phone` varchar(25) DEFAULT NULL,
  `status` enum('active','inactive') NOT NULL DEFAULT 'active',
  PRIMARY KEY (`id`),
  UNIQUE KEY `email` (`email`),
  KEY `fk_users_roles` (`role_id`),
  CONSTRAINT `fk_users_roles` FOREIGN KEY (`role_id`) REFERENCES `roles` (`id`)
) ENGINE=InnoDB AUTO_INCREMENT=21 DEFAULT CHARSET=utf8mb4 COLLATE=utf8mb4_0900_ai_ci;
/*!40101 SET character_set_client = @saved_cs_client */;

--
-- Dumping data for table `users`
--

LOCK TABLES `users` WRITE;
/*!40000 ALTER TABLE `users` DISABLE KEYS */;
INSERT INTO `users` VALUES (15,4,'maya','bridgewater','m@gmail.com','EbJzoxC6F9vukcT73f7ON9rjnoz4rGrzDjMdTk3GFd5a0kVRUBxnnGKlGiqmKJTkHKqwG/Qpo5s7i5KQjlNjrQ==','124234','active'),(16,4,'Savelli','S','s@gmail.com','scTWJSblaHxGxrQryF8SZ5Bl+jVNyl3U01U8uOjEHAuiAZosH21c9I74otgKlw+yse0580GqMaB1QEtRQw9iAA==','','active'),(18,3,'Shai','BenShimol','shai@gmail.com','0u4YENZrjHF6lkvOpsXJUb+aq9r5z/aDyUAeLdMzSP91uXHMnFKdAGV2td5qOApxLGwQaleFsnTKMspV0YSOww==','','active'),(19,4,'Ziv','Z','z@gmail.com','LAmOqilXFRLmDezprPe64OoPC3xOOOJyHJM+Y3Fi1ZyaB3I7fO8Yao+HAvZTvALvYpKmJDXV4ZAoJqsRYuNrJg==','','active'),(20,4,'Inna','I','i@gmail.com','n02C2aweCpVfzQqxcNGgt88VoF0kPuOHBe1RkLY5ULwn4xbIX9Sax0Kmzj2yTzxFOoyrTpg8jjMh/FgDsE+nNg==','','active');
/*!40000 ALTER TABLE `users` ENABLE KEYS */;
UNLOCK TABLES;

--
-- Table structure for table `wish_list`
--

DROP TABLE IF EXISTS `wish_list`;
/*!40101 SET @saved_cs_client     = @@character_set_client */;
/*!50503 SET character_set_client = utf8mb4 */;
CREATE TABLE `wish_list` (
  `id` int(11) unsigned NOT NULL AUTO_INCREMENT,
  `user_id` int(11) unsigned NOT NULL,
  `apartment_id` int(11) unsigned NOT NULL,
  `date` datetime DEFAULT CURRENT_TIMESTAMP,
  PRIMARY KEY (`id`),
  KEY `fk_wish_list_apartments` (`apartment_id`),
  KEY `fk_wish_list_users` (`user_id`),
  CONSTRAINT `fk_wish_list_apartments` FOREIGN KEY (`apartment_id`) REFERENCES `apartments` (`id`),
  CONSTRAINT `fk_wish_list_users` FOREIGN KEY (`user_id`) REFERENCES `users` (`id`)
) ENGINE=InnoDB DEFAULT CHARSET=utf8mb4 COLLATE=utf8mb4_0900_ai_ci;
/*!40101 SET character_set_client = @saved_cs_client */;

--
-- Dumping data for table `wish_list`
--

LOCK TABLES `wish_list` WRITE;
/*!40000 ALTER TABLE `wish_list` DISABLE KEYS */;
/*!40000 ALTER TABLE `wish_list` ENABLE KEYS */;
UNLOCK TABLES;

--
-- Dumping routines for database 'realtor'
--
/*!50003 DROP PROCEDURE IF EXISTS `add_apartment` */;
/*!50003 SET @saved_cs_client      = @@character_set_client */ ;
/*!50003 SET @saved_cs_results     = @@character_set_results */ ;
/*!50003 SET @saved_col_connection = @@collation_connection */ ;
/*!50003 SET character_set_client  = utf8mb4 */ ;
/*!50003 SET character_set_results = utf8mb4 */ ;
/*!50003 SET collation_connection  = utf8mb4_0900_ai_ci */ ;
/*!50003 SET @saved_sql_mode       = @@sql_mode */ ;
/*!50003 SET sql_mode              = 'ONLY_FULL_GROUP_BY,STRICT_TRANS_TABLES,NO_ZERO_IN_DATE,NO_ZERO_DATE,ERROR_FOR_DIVISION_BY_ZERO,NO_ENGINE_SUBSTITUTION' */ ;
DELIMITER ;;
CREATE DEFINER=`root`@`localhost` PROCEDURE `add_apartment`(in user_id int(11), in address varchar(500), in city_id int(11),
             in price int(11), in number_of_room int(4), in number_of_bath int(4), in sqft int(6), in in_description varchar(500),
             in sale_status enum('sale','rent','both'), in property_type enum('house','ranch','condo','land'),
             in main_image text)
BEGIN

Insert into apartments 
     (`id`, `user_id`, `address`, `city_id`, `price`, `number_of_room`, `number_of_bath`, `sqft`, `created_on`, `description`, `sale_status`, `availability`, `property_type`, `main_image`, `status`) 
values (default, user_id, address, city_id, price, number_of_room, number_of_bath, sqft, default, in_description, sale_status, default, property_type, main_image, default);

select * from apartments where id = last_insert_id();

END ;;
DELIMITER ;
/*!50003 SET sql_mode              = @saved_sql_mode */ ;
/*!50003 SET character_set_client  = @saved_cs_client */ ;
/*!50003 SET character_set_results = @saved_cs_results */ ;
/*!50003 SET collation_connection  = @saved_col_connection */ ;
/*!50003 DROP PROCEDURE IF EXISTS `register_user` */;
/*!50003 SET @saved_cs_client      = @@character_set_client */ ;
/*!50003 SET @saved_cs_results     = @@character_set_results */ ;
/*!50003 SET @saved_col_connection = @@collation_connection */ ;
/*!50003 SET character_set_client  = utf8mb4 */ ;
/*!50003 SET character_set_results = utf8mb4 */ ;
/*!50003 SET collation_connection  = utf8mb4_0900_ai_ci */ ;
/*!50003 SET @saved_sql_mode       = @@sql_mode */ ;
/*!50003 SET sql_mode              = 'ONLY_FULL_GROUP_BY,STRICT_TRANS_TABLES,NO_ZERO_IN_DATE,NO_ZERO_DATE,ERROR_FOR_DIVISION_BY_ZERO,NO_ENGINE_SUBSTITUTION' */ ;
DELIMITER ;;
CREATE DEFINER=`root`@`localhost` PROCEDURE `register_user`(
	in role_id int(11), 
    in first_name varchar(50), 
    in last_name varchar(50),
    in email varchar(255),
    in in_password varchar(255),
    in phone varchar(25))
BEGIN
	
insert into users 
   (id, role_id, first_name, last_name, email, `password`, phone, `status`)
values
   (default, role_id, first_name, last_name, email, in_password, phone, default);
   
select * from users where id = last_insert_id();

END ;;
DELIMITER ;
/*!50003 SET sql_mode              = @saved_sql_mode */ ;
/*!50003 SET character_set_client  = @saved_cs_client */ ;
/*!50003 SET character_set_results = @saved_cs_results */ ;
/*!50003 SET collation_connection  = @saved_col_connection */ ;
/*!50003 DROP PROCEDURE IF EXISTS `update_apartment` */;
/*!50003 SET @saved_cs_client      = @@character_set_client */ ;
/*!50003 SET @saved_cs_results     = @@character_set_results */ ;
/*!50003 SET @saved_col_connection = @@collation_connection */ ;
/*!50003 SET character_set_client  = utf8mb4 */ ;
/*!50003 SET character_set_results = utf8mb4 */ ;
/*!50003 SET collation_connection  = utf8mb4_0900_ai_ci */ ;
/*!50003 SET @saved_sql_mode       = @@sql_mode */ ;
/*!50003 SET sql_mode              = 'STRICT_TRANS_TABLES,NO_ENGINE_SUBSTITUTION' */ ;
DELIMITER ;;
CREATE DEFINER=`root`@`localhost` PROCEDURE `update_apartment`(
	in in_id int(11), 
    in address varchar(500), 
    in city_id int(11),
	in price int(11), 
    in number_of_room int(4), 
    in number_of_bath int(4), 
    in sqft int(6), 
    in in_description varchar(500),
	in sale_status enum('sale','rent','both'), 
    in availability enum('available','suspended','removed'), 
    in property_type enum('house','ranch','condo','land'),
	in main_image text, 
    in in_status enum('pending','approved','denied','removed'))
BEGIN

update apartments 
set `address` = address, 
	`city_id` = city_id, 
    `price` = price, 
    `number_of_room` = number_of_room, 
    `number_of_bath` = number_of_bath, 
    `sqft` = sqft, 
    `description` = in_description, 
    `sale_status` = sale_status, 
    `availability` = availability, 
    `property_type` = property_type, 
    `main_image` = main_image, 
    `status` = in_status
where id = in_id;
select * from apartments where id = in_id;
END ;;
DELIMITER ;
/*!50003 SET sql_mode              = @saved_sql_mode */ ;
/*!50003 SET character_set_client  = @saved_cs_client */ ;
/*!50003 SET character_set_results = @saved_cs_results */ ;
/*!50003 SET collation_connection  = @saved_col_connection */ ;
/*!50003 DROP PROCEDURE IF EXISTS `update_apartment_hist` */;
/*!50003 SET @saved_cs_client      = @@character_set_client */ ;
/*!50003 SET @saved_cs_results     = @@character_set_results */ ;
/*!50003 SET @saved_col_connection = @@collation_connection */ ;
/*!50003 SET character_set_client  = utf8mb4 */ ;
/*!50003 SET character_set_results = utf8mb4 */ ;
/*!50003 SET collation_connection  = utf8mb4_0900_ai_ci */ ;
/*!50003 SET @saved_sql_mode       = @@sql_mode */ ;
/*!50003 SET sql_mode              = 'ONLY_FULL_GROUP_BY,STRICT_TRANS_TABLES,NO_ZERO_IN_DATE,NO_ZERO_DATE,ERROR_FOR_DIVISION_BY_ZERO,NO_ENGINE_SUBSTITUTION' */ ;
DELIMITER ;;
CREATE DEFINER=`root`@`localhost` PROCEDURE `update_apartment_hist`(in apartment_id int(11), in user_id int(11), in in_status varchar(15), in in_description varchar(255))
BEGIN

insert into `apartment_history` 
    (`id`, `apartment_id`, `user_id`, `status`, `description`, `date`)
values (default, apartment_id, user_id, in_status, in_description, default);

END ;;
DELIMITER ;
/*!50003 SET sql_mode              = @saved_sql_mode */ ;
/*!50003 SET character_set_client  = @saved_cs_client */ ;
/*!50003 SET character_set_results = @saved_cs_results */ ;
/*!50003 SET collation_connection  = @saved_col_connection */ ;
/*!50003 DROP PROCEDURE IF EXISTS `update_user_stat_hist` */;
/*!50003 SET @saved_cs_client      = @@character_set_client */ ;
/*!50003 SET @saved_cs_results     = @@character_set_results */ ;
/*!50003 SET @saved_col_connection = @@collation_connection */ ;
/*!50003 SET character_set_client  = utf8mb4 */ ;
/*!50003 SET character_set_results = utf8mb4 */ ;
/*!50003 SET collation_connection  = utf8mb4_0900_ai_ci */ ;
/*!50003 SET @saved_sql_mode       = @@sql_mode */ ;
/*!50003 SET sql_mode              = 'ONLY_FULL_GROUP_BY,STRICT_TRANS_TABLES,NO_ZERO_IN_DATE,NO_ZERO_DATE,ERROR_FOR_DIVISION_BY_ZERO,NO_ENGINE_SUBSTITUTION' */ ;
DELIMITER ;;
CREATE DEFINER=`root`@`localhost` PROCEDURE `update_user_stat_hist`(
	in user_id int(11), 
    in label varchar(50), 
    in in_description varchar(50))
BEGIN
	
insert into user_status_history 
   (id, user_id, label, `description`, `date`)
values
   (default, user_id, label, in_description, default);
   

END ;;
DELIMITER ;
/*!50003 SET sql_mode              = @saved_sql_mode */ ;
/*!50003 SET character_set_client  = @saved_cs_client */ ;
/*!50003 SET character_set_results = @saved_cs_results */ ;
/*!50003 SET collation_connection  = @saved_col_connection */ ;
/*!40103 SET TIME_ZONE=@OLD_TIME_ZONE */;

/*!40101 SET SQL_MODE=@OLD_SQL_MODE */;
/*!40014 SET FOREIGN_KEY_CHECKS=@OLD_FOREIGN_KEY_CHECKS */;
/*!40014 SET UNIQUE_CHECKS=@OLD_UNIQUE_CHECKS */;
/*!40101 SET CHARACTER_SET_CLIENT=@OLD_CHARACTER_SET_CLIENT */;
/*!40101 SET CHARACTER_SET_RESULTS=@OLD_CHARACTER_SET_RESULTS */;
/*!40101 SET COLLATION_CONNECTION=@OLD_COLLATION_CONNECTION */;
/*!40111 SET SQL_NOTES=@OLD_SQL_NOTES */;

-- Dump completed on 2020-01-21 16:51:50
